{"type":"FeatureCollection","features":[{"type":"Feature","geometry":{"type":"Polygon","coordinates":[[[-78.0128,0.0232],[-78.0147,0.024],[-78.0182,0.024],[-78.0203,0.0218],[-78.0236,0.0205],[-78.0249,0.0208],[-78.0271,0.0191],[-78.032,0.0209],[-78.0371,0.0245],[-78.039,0.0273],[-78.0437,0.0292],[-78.0457,0.0295],[-78.0485,0.0319],[-78.0503,0.0318],[-78.0531,0.0297],[-78.0581,0.0297],[-78.0597,0.0282],[-78.0683,0.0241],[-78.0725,0.024],[-78.0763,0.0227],[-78.0805,0.0197],[-78.0859,0.0177],[-78.0926,0.0186],[-78.0939,0.0209],[-78.0979,0.0248],[-78.0995,0.0258],[-78.1035,0.0265],[-78.1101,0.0302],[-78.1125,0.0304],[-78.1142,0.0335],[-78.1175,0.0361],[-78.1183,0.0377],[-78.1222,0.0406],[-78.1242,0.0428],[-78.127,0.0479],[-78.1309,0.0489],[-78.134,0.0519],[-78.1357,0.0584],[-78.1355,0.0604],[-78.1367,0.0627],[-78.1397,0.0631],[-78.1408,0.0654],[-78.1441,0.0663],[-78.1466,0.0686],[-78.1502,0.0688],[-78.1535,0.0704],[-78.1564,0.0701],[-78.1589,0.068],[-78.1589,0.0627],[-78.1608,0.0603],[-78.1609,0.0583],[-78.1631,0.0571],[-78.1654,0.0543],[-78.1655,0.0518],[-78.1671,0.0512],[-78.1692,0.0458],[-78.1687,0.0447],[-78.1703,0.0406],[-78.1678,0.0348],[-78.1665,0.0271],[-78.1682,0.0242],[-78.1653,0.0256],[-78.1624,0.0253],[-78.1614,0.0274],[-78.1586,0.0291],[-78.156,0.0325],[-78.1543,0.0321],[-78.1528,0.0334],[-78.1485,0.032],[-78.148,0.0306],[-78.1453,0.0283],[-78.1435,0.0281],[-78.1415,0.025],[-78.1388,0.0237],[-78.136,0.0272],[-78.1335,0.0292],[-78.13,0.0305],[-78.1282,0.0328],[-78.1234,0.0297],[-78.1245,0.0279],[-78.1231,0.0234],[-78.1232,0.0211],[-78.1188,0.0188],[-78.1156,0.0147],[-78.1119,0.0139],[-78.1086,0.0115],[-78.1072,0.0112],[-78.0999,0.0071],[-78.099,0.0045],[-78.0973,0.003],[-78.0936,0.0029],[-78.0883,0.004],[-78.0866,0.0064],[-78.0809,0.0081],[-78.0796,0.0078],[-78.0751,0.009],[-78.0731,0.0105],[-78.0706,0.0052],[-78.0708,0.0018],[-78.0658,0.0029],[-78.0651,0.0039],[-78.061,0.0048],[-78.0561,0.0067],[-78.0521,0.0067],[-78.0473,0.0099],[-78.0459,0.0099],[-78.0416,0.0068],[-78.0363,0.008],[-78.0309,0.0121],[-78.0281,0.0114],[-78.024,0.0093],[-78.0197,0.0098],[-78.0168,0.012],[-78.0109,0.0128],[-78.0085,0.0125],[-78.0128,0.0232]]]},"properties":{"dpa_parroq":"1700655190","dpa_despar":"CAYAMBE","dpa_canton":"1702","dpa_descan":"CAYAMBE","dpa_provin":"17","dpa_despro":"PICHINCHA","estado":"URBANA","nombres_cne":"CAYAMBE"}},{"type":"Feature","geometry":{"type":"Polygon","coordinates":[[[-77.9994,0.0417],[-78.0128,0.0232],[-78.0085,0.0125],[-78.0109,0.0128],[-78.0168,0.012],[-78.0197,0.0098],[-78.024,0.0093],[-78.0281,0.0114],[-78.0309,0.0121],[-78.0363,0.008],[-78.0416,0.0068],[-78.0459,0.0099],[-78.0473,0.0099],[-78.0521,0.0067],[-78.0561,0.0067],[-78.061,0.0048],[-78.0651,0.0039],[-78.0658,0.0029],[-78.0708,0.0018],[-78.0706,0.0052],[-78.0731,0.0105],[-78.0751,0.009],[-78.0796,0.0078],[-78.0809,0.0081],[-78.0866,0.0064],[-78.0883,0.004],[-78.0936,0.0029],[-78.0973,0.003],[-78.099,0.0045],[-78.0999,0.0071],[-78.1072,0.0112],[-78.1086,0.0115],[-78.1119,0.0139],[-78.1156,0.0147],[-78.1188,0.0188],[-78.1232,0.0211],[-78.1231,0.0234],[-78.1245,0.0279],[-78.1234,0.0297],[-78.1282,0.0328],[-78.13,0.0305],[-78.1335,0.0292],[-78.136,0.0272],[-78.1388,0.0237],[-78.1415,0.025],[-78.1435,0.0281],[-78.1453,0.0283],[-78.148,0.0306],[-78.1485,0.032],[-78.1528,0.0334],[-78.1543,0.0321],[-78.156,0.0325],[-78.1586,0.0291],[-78.1614,0.0274],[-78.1624,0.0253],[-78.1653,0.0256],[-78.1682,0.0242],[-78.1692,0.0202],[-78.1723,0.0185],[-78.1735,0.0168],[-78.1727,0.0115],[-78.1743,0.0085],[-78.177,0.0078],[-78.1614,0.0101],[-78.1426,0.0081],[-78.1374,0.01],[-78.1261,0.0019],[-78.1265,-0.0078],[-78.1184,-0.0254],[-78.1091,-0.0327],[-78.1042,-0.0418],[-78.093,-0.0493],[-78.0839,-0.0505],[-78.0754,-0.0568],[-78.0713,-0.0729],[-78.0716,-0.084],[-78.0658,-0.0955],[-78.0537,-0.1039],[-78.0489,-0.1289],[-78.013,-0.1307],[-78.0001,-0.1219],[-77.9955,-0.1112],[-77.9853,-0.1176],[-77.9728,-0.1201],[-77.9549,-0.095],[-77.9432,-0.0956],[-77.9438,-0.0905],[-77.9546,-0.0886],[-77.9595,-0.0778],[-77.9535,-0.0677],[-77.9522,-0.0538],[-77.9567,-0.0458],[-77.9673,-0.0525],[-77.9762,-0.0475],[-77.9786,-0.034],[-77.9865,-0.021],[-77.983,-0.0068],[-77.9885,-0.0019],[-77.991,0.023],[-77.9881,0.0245],[-77.9994,0.0417]]]},"properties":{"dpa_parroq":"1700654765","dpa_despar":"JUAN MONTALVO","dpa_canton":"1702","dpa_descan":"CAYAMBE","dpa_provin":"17","dpa_despro":"PICHINCHA","estado":"RURAL","nombres_cne":"JUAN MONTALVO"}},{"type":"Feature","geometry":{"type":"Polygon","coordinates":[[[-78.2734,-0.0577],[-78.2784,-0.0591],[-78.2953,-0.0548],[-78.3106,-0.067],[-78.3083,-0.0733],[-78.304,-0.0869],[-78.2924,-0.0899],[-78.2762,-0.098],[-78.2595,-0.0991],[-78.2425,-0.0884],[-78.2281,-0.0912],[-78.2212,-0.0699],[-78.2373,-0.0552],[-78.2375,-0.0571],[-78.2374,-0.0657],[-78.2531,-0.06],[-78.2734,-0.0577]]]},"properties":{"dpa_parroq":"1700650165","dpa_despar":"ASCAZUBI","dpa_canton":"1702","dpa_descan":"CAYAMBE","dpa_provin":"17","dpa_despro":"PICHINCHA","estado":"RURAL","nombres_cne":"ASCAZUBI"}},{"type":"Feature","geometry":{"type":"Polygon","coordinates":[[[-78.177,0.0078],[-78.1787,0.0077],[-78.1788,0.0052],[-78.1808,0.0031],[-78.1801,0.0018],[-78.1813,-0.0031],[-78.1842,-0.0027],[-78.1893,-0.003],[-78.1922,-0.0008],[-78.1933,0.0024],[-78.1965,0.0041],[-78.1985,0.0066],[-78.1984,0.0088],[-78.2005,0.0102],[-78.1999,0.012],[-78.2017,0.0129],[-78.2032,0.018],[-78.205,0.0171],[-78.209,0.0182],[-78.2112,0.0199],[-78.2148,0.0189],[-78.2138,0.0171],[-78.2165,0.0156],[-78.2164,0.0108],[-78.2191,0.0093],[-78.2218,0.0103],[-78.2229,0.0073],[-78.2268,0.0064],[-78.2293,0.0068],[-78.2315,0.0011],[-78.2363,0.0011],[-78.2367,0.0011],[-78.2381,-0.0023],[-78.2251,-0.0171],[-78.2278,-0.0378],[-78.2426,-0.0402],[-78.2416,-0.051],[-78.2373,-0.0552],[-78.2212,-0.0699],[-78.2281,-0.0912],[-78.2129,-0.0878],[-78.2192,-0.1027],[-78.2332,-0.1092],[-78.2369,-0.1153],[-78.256,-0.1179],[-78.2494,-0.1275],[-78.2331,-0.1346],[-78.2299,-0.1335],[-78.2045,-0.1431],[-78.1957,-0.15],[-78.1839,-0.1538],[-78.1661,-0.1741],[-78.1671,-0.1869],[-78.1584,-0.1826],[-78.1552,-0.1727],[-78.1319,-0.1675],[-78.1248,-0.1809],[-78.1155,-0.179],[-78.1065,-0.1821],[-78.1019,-0.1909],[-78.0906,-0.1804],[-78.088,-0.1874],[-78.0704,-0.183],[-78.0622,-0.1751],[-78.0612,-0.1674],[-78.0542,-0.1613],[-78.0574,-0.146],[-78.0402,-0.1383],[-78.0278,-0.1381],[-78.0189,-0.141],[-78.0001,-0.1219],[-78.013,-0.1307],[-78.0489,-0.1289],[-78.0537,-0.1039],[-78.0658,-0.0955],[-78.0716,-0.084],[-78.0713,-0.0729],[-78.0754,-0.0568],[-78.0839,-0.0505],[-78.093,-0.0493],[-78.1042,-0.0418],[-78.1091,-0.0327],[-78.1184,-0.0254],[-78.1265,-0.0078],[-78.1261,0.0019],[-78.1374,0.01],[-78.1426,0.0081],[-78.1614,0.0101],[-78.177,0.0078]]]},"properties":{"dpa_parroq":"1700650480","dpa_despar":"CANGAHUA","dpa_canton":"1702","dpa_descan":"CAYAMBE","dpa_provin":"17","dpa_despro":"PICHINCHA","estado":"RURAL","nombres_cne":"CANGAHUA"}},{"type":"Feature","geometry":{"type":"Polygon","coordinates":[[[-78.0314,0.1882],[-78.0379,0.1829],[-78.0453,0.1908],[-78.0577,0.189],[-78.0785,0.1891],[-78.0923,0.1863],[-78.097,0.1735],[-78.1077,0.1585],[-78.1341,0.1527],[-78.1484,0.1588],[-78.146,0.151],[-78.1218,0.1324],[-78.1107,0.1262],[-78.12,0.1071],[-78.1174,0.0984],[-78.1186,0.088],[-78.1088,0.0908],[-78.0993,0.1034],[-78.0798,0.1049],[-78.0703,0.0947],[-78.068,0.0873],[-78.0592,0.0835],[-78.0455,0.0708],[-78.0407,0.0701],[-78.0352,0.0592],[-78.0204,0.052],[-78.0132,0.0455],[-77.9994,0.0417],[-77.9881,0.0245],[-77.991,0.023],[-77.9885,-0.0019],[-77.983,-0.0068],[-77.9865,-0.021],[-77.9786,-0.034],[-77.9762,-0.0475],[-77.9673,-0.0525],[-77.9567,-0.0458],[-77.9522,-0.0538],[-77.9535,-0.0677],[-77.9595,-0.0778],[-77.9546,-0.0886],[-77.9438,-0.0905],[-77.9432,-0.0956],[-77.9358,-0.0999],[-77.931,-0.0903],[-77.938,-0.0851],[-77.9347,-0.0711],[-77.9385,-0.0579],[-77.9434,-0.0531],[-77.9354,-0.0424],[-77.9222,-0.0303],[-77.9083,-0.0277],[-77.8702,-0.0083],[-77.8525,-0.0039],[-77.8445,0.0049],[-77.8443,0.0216],[-77.8398,0.0273],[-77.8545,0.0243],[-77.8578,0.0329],[-77.8583,0.059],[-77.8685,0.0679],[-77.8754,0.0699],[-77.8882,0.0816],[-77.8947,0.0845],[-77.9182,0.0818],[-77.9367,0.1038],[-77.9459,0.0993],[-77.9536,0.1084],[-77.9623,0.1128],[-77.9773,0.111],[-77.9753,0.1277],[-77.971,0.1359],[-77.9706,0.1468],[-77.9652,0.1579],[-77.9672,0.1687],[-77.9793,0.1699],[-77.9847,0.1738],[-78.0019,0.172],[-78.0314,0.1882]]]},"properties":{"dpa_parroq":"1700652600","dpa_despar":"OLMEDO / PESILLO","dpa_canton":"1702","dpa_descan":"CAYAMBE","dpa_provin":"17","dpa_despro":"PICHINCHA","estado":"RURAL","nombres_cne":"OLMEDO PESILLO"}},{"type":"Feature","geometry":{"type":"Polygon","coordinates":[[[-78.2367,0.0011],[-78.2525,-0.0068],[-78.2692,0],[-78.2845,-0.0056],[-78.2833,-0.0161],[-78.2733,-0.0202],[-78.2619,-0.0416],[-78.2436,-0.0503],[-78.2375,-0.0571],[-78.2373,-0.0552],[-78.2416,-0.051],[-78.2426,-0.0402],[-78.2278,-0.0378],[-78.2251,-0.0171],[-78.2381,-0.0023],[-78.2367,0.0011]]]},"properties":{"dpa_parroq":"1700652635","dpa_despar":"OTON","dpa_canton":"1702","dpa_descan":"CAYAMBE","dpa_provin":"17","dpa_despro":"PICHINCHA","estado":"RURAL","nombres_cne":"OTON"}},{"type":"Feature","geometry":{"type":"Polygon","coordinates":[[[-78.2845,-0.0056],[-78.3011,-0.0046],[-78.3077,-0.0141],[-78.3147,-0.0129],[-78.3237,-0.0199],[-78.3075,-0.0298],[-78.2976,-0.0298],[-78.2959,-0.0384],[-78.2809,-0.0538],[-78.2734,-0.0577],[-78.2531,-0.06],[-78.2374,-0.0657],[-78.2375,-0.0571],[-78.2436,-0.0503],[-78.2619,-0.0416],[-78.2733,-0.0202],[-78.2833,-0.0161],[-78.2845,-0.0056]]]},"properties":{"dpa_parroq":"1700653735","dpa_despar":"STA.ROSA DE CUSUBAMBA","dpa_canton":"1702","dpa_descan":"CAYAMBE","dpa_provin":"17","dpa_despro":"PICHINCHA","estado":"RURAL","nombres_cne":"STA ROSA DE CUSUBAMBA"}},{"type":"Feature","geometry":{"type":"Polygon","coordinates":[[[-77.9994,0.0417],[-78.0132,0.0455],[-78.0204,0.052],[-78.0352,0.0592],[-78.0407,0.0701],[-78.0455,0.0708],[-78.0592,0.0835],[-78.068,0.0873],[-78.0703,0.0947],[-78.0798,0.1049],[-78.0993,0.1034],[-78.1088,0.0908],[-78.1186,0.088],[-78.1174,0.0984],[-78.12,0.1071],[-78.1107,0.1262],[-78.1218,0.1324],[-78.146,0.151],[-78.1555,0.1411],[-78.1643,0.1418],[-78.1856,0.1341],[-78.1701,0.099],[-78.1625,0.0861],[-78.1664,0.0787],[-78.1631,0.0571],[-78.1609,0.0583],[-78.1608,0.0603],[-78.1589,0.0627],[-78.1589,0.068],[-78.1564,0.0701],[-78.1535,0.0704],[-78.1502,0.0688],[-78.1466,0.0686],[-78.1441,0.0663],[-78.1408,0.0654],[-78.1397,0.0631],[-78.1367,0.0627],[-78.1355,0.0604],[-78.1357,0.0584],[-78.134,0.0519],[-78.1309,0.0489],[-78.127,0.0479],[-78.1242,0.0428],[-78.1222,0.0406],[-78.1183,0.0377],[-78.1175,0.0361],[-78.1142,0.0335],[-78.1125,0.0304],[-78.1101,0.0302],[-78.1035,0.0265],[-78.0995,0.0258],[-78.0979,0.0248],[-78.0939,0.0209],[-78.0926,0.0186],[-78.0859,0.0177],[-78.0805,0.0197],[-78.0763,0.0227],[-78.0725,0.024],[-78.0683,0.0241],[-78.0597,0.0282],[-78.0581,0.0297],[-78.0531,0.0297],[-78.0503,0.0318],[-78.0485,0.0319],[-78.0457,0.0295],[-78.0437,0.0292],[-78.039,0.0273],[-78.0371,0.0245],[-78.032,0.0209],[-78.0271,0.0191],[-78.0249,0.0208],[-78.0236,0.0205],[-78.0203,0.0218],[-78.0182,0.024],[-78.0147,0.024],[-78.0128,0.0232],[-77.9994,0.0417]]]},"properties":{"dpa_parroq":"1700654620","dpa_despar":"SAN JOSE DE AYORA","dpa_canton":"1702","dpa_descan":"CAYAMBE","dpa_provin":"17","dpa_despro":"PICHINCHA","estado":"RURAL","nombres_cne":"AYORA|SAN JOSE DE AYORA"}},{"type":"Feature","geometry":{"type":"Polygon","coordinates":[[[-78.4807,-0.4662],[-78.5002,-0.459],[-78.5042,-0.4568],[-78.5092,-0.4557],[-78.5132,-0.4568],[-78.5157,-0.4581],[-78.5219,-0.4579],[-78.5246,-0.4566],[-78.5293,-0.4563],[-78.5333,-0.4573],[-78.5362,-0.4564],[-78.5388,-0.4578],[-78.5423,-0.4566],[-78.5453,-0.454],[-78.5478,-0.4532],[-78.5491,-0.4506],[-78.5492,-0.4481],[-78.5483,-0.4444],[-78.5465,-0.4424],[-78.5482,-0.4356],[-78.5458,-0.4341],[-78.5452,-0.4309],[-78.549,-0.4317],[-78.5523,-0.4298],[-78.5532,-0.436],[-78.5561,-0.4441],[-78.5627,-0.4567],[-78.5644,-0.4626],[-78.5659,-0.4693],[-78.5719,-0.4976],[-78.5755,-0.514],[-78.5814,-0.5338],[-78.5865,-0.5502],[-78.5904,-0.564],[-78.5949,-0.5735],[-78.6041,-0.5798],[-78.6058,-0.5819],[-78.6047,-0.5867],[-78.6006,-0.589],[-78.6018,-0.594],[-78.601,-0.6031],[-78.6004,-0.6072],[-78.5972,-0.6072],[-78.594,-0.6082],[-78.5904,-0.6107],[-78.5885,-0.6093],[-78.5868,-0.6102],[-78.583,-0.6142],[-78.5809,-0.6156],[-78.5794,-0.6179],[-78.5761,-0.6115],[-78.5741,-0.6121],[-78.5714,-0.6102],[-78.5686,-0.6098],[-78.5623,-0.6119],[-78.559,-0.6141],[-78.5588,-0.6192],[-78.5565,-0.6259],[-78.5577,-0.6285],[-78.557,-0.6313],[-78.5553,-0.6323],[-78.5534,-0.6317],[-78.5514,-0.6338],[-78.5479,-0.6313],[-78.5444,-0.6314],[-78.542,-0.6288],[-78.5404,-0.6247],[-78.5359,-0.6253],[-78.5333,-0.625],[-78.5302,-0.6281],[-78.5269,-0.6291],[-78.5261,-0.6303],[-78.5234,-0.6299],[-78.5213,-0.6305],[-78.5183,-0.6297],[-78.5163,-0.6346],[-78.514,-0.6347],[-78.5095,-0.6334],[-78.5078,-0.6296],[-78.5048,-0.6332],[-78.5025,-0.6336],[-78.4978,-0.6308],[-78.4998,-0.6257],[-78.4986,-0.6253],[-78.4954,-0.6294],[-78.4935,-0.6253],[-78.4913,-0.6263],[-78.492,-0.6319],[-78.4903,-0.6308],[-78.4888,-0.6325],[-78.4887,-0.636],[-78.4878,-0.6368],[-78.4841,-0.6335],[-78.4816,-0.6332],[-78.479,-0.6275],[-78.4803,-0.6236],[-78.4794,-0.6211],[-78.4759,-0.6173],[-78.475,-0.6142],[-78.4725,-0.6139],[-78.4705,-0.6161],[-78.4666,-0.6124],[-78.4644,-0.6097],[-78.4617,-0.6091],[-78.4564,-0.609],[-78.4577,-0.6114],[-78.4576,-0.616],[-78.4543,-0.6206],[-78.4511,-0.6207],[-78.4484,-0.6179],[-78.4465,-0.618],[-78.4455,-0.6155],[-78.4434,-0.6153],[-78.4418,-0.6123],[-78.437,-0.612],[-78.4355,-0.6078],[-78.4336,-0.6054],[-78.4307,-0.6041],[-78.4299,-0.6009],[-78.427,-0.6034],[-78.424,-0.6081],[-78.4219,-0.6091],[-78.4193,-0.612],[-78.419,-0.6089],[-78.4163,-0.6076],[-78.4144,-0.6103],[-78.4105,-0.6125],[-78.4069,-0.6126],[-78.4092,-0.6175],[-78.4077,-0.6201],[-78.4091,-0.6223],[-78.403,-0.6221],[-78.4021,-0.6234],[-78.3982,-0.6238],[-78.3968,-0.6232],[-78.3953,-0.6252],[-78.3926,-0.6265],[-78.3888,-0.6265],[-78.3856,-0.6288],[-78.385,-0.6312],[-78.3836,-0.6313],[-78.3803,-0.6338],[-78.375,-0.64],[-78.3743,-0.6427],[-78.3708,-0.6484],[-78.3679,-0.6568],[-78.3662,-0.6574],[-78.3635,-0.6618],[-78.3712,-0.6727],[-78.377,-0.6741],[-78.379,-0.6736],[-78.3811,-0.6745],[-78.3935,-0.6756],[-78.3951,-0.6767],[-78.3803,-0.6747],[-78.3773,-0.6749],[-78.3689,-0.6736],[-78.3645,-0.6759],[-78.3617,-0.675],[-78.3555,-0.6699],[-78.3494,-0.6662],[-78.3463,-0.666],[-78.3418,-0.6618],[-78.3415,-0.6601],[-78.3383,-0.6597],[-78.3322,-0.6577],[-78.3306,-0.6548],[-78.3293,-0.6492],[-78.3297,-0.6453],[-78.3266,-0.642],[-78.3257,-0.64],[-78.3255,-0.6354],[-78.3225,-0.6297],[-78.3212,-0.6281],[-78.3208,-0.625],[-78.3231,-0.6184],[-78.3264,-0.6157],[-78.3266,-0.6136],[-78.325,-0.6112],[-78.322,-0.6049],[-78.3206,-0.5953],[-78.3206,-0.5906],[-78.3298,-0.5893],[-78.3332,-0.587],[-78.3352,-0.5849],[-78.336,-0.5801],[-78.3373,-0.5791],[-78.3408,-0.5742],[-78.3423,-0.5713],[-78.3462,-0.5709],[-78.35,-0.5699],[-78.3526,-0.5669],[-78.3528,-0.5645],[-78.3557,-0.562],[-78.3569,-0.5591],[-78.3593,-0.5555],[-78.358,-0.5528],[-78.3584,-0.5516],[-78.3648,-0.5505],[-78.3668,-0.5475],[-78.368,-0.5408],[-78.3702,-0.5387],[-78.3766,-0.5382],[-78.3793,-0.5407],[-78.3846,-0.5434],[-78.3852,-0.5479],[-78.3871,-0.5506],[-78.3897,-0.5522],[-78.394,-0.557],[-78.3965,-0.5562],[-78.3993,-0.5577],[-78.4066,-0.5602],[-78.4133,-0.5643],[-78.4176,-0.5683],[-78.42,-0.5689],[-78.4221,-0.5705],[-78.4261,-0.5712],[-78.4294,-0.566],[-78.4313,-0.5605],[-78.4319,-0.556],[-78.4315,-0.5525],[-78.432,-0.5471],[-78.4311,-0.5427],[-78.4287,-0.5408],[-78.4271,-0.5317],[-78.4277,-0.5267],[-78.4259,-0.5236],[-78.4272,-0.5189],[-78.4286,-0.5175],[-78.43,-0.5141],[-78.4299,-0.5121],[-78.4313,-0.5085],[-78.4316,-0.5046],[-78.4329,-0.503],[-78.433,-0.4994],[-78.4357,-0.4942],[-78.4358,-0.4909],[-78.4336,-0.4893],[-78.4327,-0.486],[-78.4361,-0.4859],[-78.4412,-0.4911],[-78.4414,-0.4931],[-78.4447,-0.4962],[-78.4463,-0.4963],[-78.4484,-0.499],[-78.4511,-0.4999],[-78.4532,-0.5021],[-78.4561,-0.503],[-78.4614,-0.5067],[-78.466,-0.507],[-78.4685,-0.5047],[-78.4684,-0.5021],[-78.4695,-0.5005],[-78.4701,-0.4961],[-78.4696,-0.4941],[-78.4662,-0.489],[-78.466,-0.4831],[-78.4677,-0.4803],[-78.4738,-0.4749],[-78.4755,-0.4749],[-78.4782,-0.4732],[-78.4818,-0.4726],[-78.4848,-0.4697],[-78.4828,-0.4686],[-78.4807,-0.4662]]]},"properties":{"dpa_parroq":"1700705620","dpa_despar":"MACHACHI","dpa_canton":"1703","dpa_descan":"MEJIA","dpa_provin":"17","dpa_despro":"PICHINCHA","estado":"URBANA","nombres_cne":"MACHACHI"}},{"type":"Feature","geometry":{"type":"Polygon","coordinates":[[[-78.6204,-0.3605],[-78.6325,-0.3612],[-78.6487,-0.3688],[-78.6673,-0.3911],[-78.6643,-0.3959],[-78.6714,-0.41],[-78.7088,-0.4299],[-78.716,-0.4395],[-78.7066,-0.4624],[-78.6991,-0.4749],[-78.7153,-0.4782],[-78.7276,-0.4907],[-78.7304,-0.4993],[-78.7233,-0.5123],[-78.7151,-0.522],[-78.7145,-0.5298],[-78.7074,-0.5353],[-78.7034,-0.5353],[-78.6865,-0.5468],[-78.6729,-0.5442],[-78.6686,-0.5366],[-78.6603,-0.5316],[-78.6482,-0.5151],[-78.6379,-0.5072],[-78.6311,-0.4898],[-78.589,-0.4898],[-78.5903,-0.4969],[-78.5719,-0.4976],[-78.5659,-0.4693],[-78.5644,-0.4626],[-78.5627,-0.4567],[-78.5561,-0.4441],[-78.5532,-0.436],[-78.5523,-0.4298],[-78.5657,-0.4301],[-78.5706,-0.4256],[-78.5836,-0.4216],[-78.5907,-0.4134],[-78.6051,-0.4066],[-78.6184,-0.3905],[-78.6114,-0.3798],[-78.6106,-0.3729],[-78.6204,-0.3605]]]},"properties":{"dpa_parroq":"1700700055","dpa_despar":"ALOAG","dpa_canton":"1703","dpa_descan":"MEJIA","dpa_provin":"17","dpa_despro":"PICHINCHA","estado":"RURAL","nombres_cne":"ALOAG"}},{"type":"Feature","geometry":{"type":"Polygon","coordinates":[[[-78.5719,-0.4976],[-78.5903,-0.4969],[-78.589,-0.4898],[-78.6311,-0.4898],[-78.6379,-0.5072],[-78.6482,-0.5151],[-78.6603,-0.5316],[-78.6411,-0.5514],[-78.6106,-0.5629],[-78.6219,-0.584],[-78.6245,-0.5985],[-78.6227,-0.6095],[-78.6176,-0.6017],[-78.6109,-0.5995],[-78.6004,-0.6072],[-78.601,-0.6031],[-78.6018,-0.594],[-78.6006,-0.589],[-78.6047,-0.5867],[-78.6058,-0.5819],[-78.6041,-0.5798],[-78.5949,-0.5735],[-78.5904,-0.564],[-78.5865,-0.5502],[-78.5814,-0.5338],[-78.5755,-0.514],[-78.5719,-0.4976]]]},"properties":{"dpa_parroq":"1700700060","dpa_despar":"ALOASI","dpa_canton":"1703","dpa_descan":"MEJIA","dpa_provin":"17","dpa_despro":"PICHINCHA","estado":"RURAL","nombres_cne":"ALOASI"}},{"type":"Feature","geometry":{"type":"Polygon","coordinates":[[[-78.5992,-0.3511],[-78.6023,-0.3507],[-78.6064,-0.351],[-78.608,-0.3536],[-78.6154,-0.3569],[-78.6192,-0.3562],[-78.6204,-0.3605],[-78.6106,-0.3729],[-78.6078,-0.3789],[-78.5872,-0.3846],[-78.5695,-0.3965],[-78.5699,-0.386],[-78.5549,-0.3894],[-78.5379,-0.3902],[-78.5291,-0.385],[-78.5283,-0.3623],[-78.5317,-0.3595],[-78.5355,-0.3593],[-78.5366,-0.3584],[-78.5408,-0.3612],[-78.545,-0.3623],[-78.5466,-0.3603],[-78.5491,-0.3602],[-78.5577,-0.3558],[-78.5616,-0.359],[-78.5673,-0.3567],[-78.5721,-0.3559],[-78.5732,-0.3544],[-78.5758,-0.3547],[-78.5808,-0.354],[-78.5851,-0.355],[-78.5879,-0.3543],[-78.5935,-0.3515],[-78.5972,-0.3516],[-78.5992,-0.3511]]]},"properties":{"dpa_parroq":"1700700755","dpa_despar":"CUTUGLAGUA","dpa_canton":"1703","dpa_descan":"MEJIA","dpa_provin":"17","dpa_despro":"PICHINCHA","estado":"RURAL","nombres_cne":"CUTUGLAGUA"}},{"type":"Feature","geometry":{"type":"Polygon","coordinates":[[[-78.6227,-0.6095],[-78.6245,-0.5985],[-78.6219,-0.584],[-78.6106,-0.5629],[-78.6411,-0.5514],[-78.6603,-0.5316],[-78.6686,-0.5366],[-78.6729,-0.5442],[-78.6865,-0.5468],[-78.7034,-0.5353],[-78.7074,-0.5353],[-78.7451,-0.5456],[-78.7509,-0.5503],[-78.7478,-0.554],[-78.7452,-0.5543],[-78.7439,-0.5572],[-78.7414,-0.5569],[-78.7379,-0.5587],[-78.7334,-0.5597],[-78.7323,-0.5627],[-78.7327,-0.5658],[-78.7305,-0.5677],[-78.73,-0.5719],[-78.7308,-0.5743],[-78.73,-0.5792],[-78.7304,-0.5816],[-78.7293,-0.5832],[-78.7283,-0.589],[-78.7303,-0.5965],[-78.7331,-0.5978],[-78.7344,-0.6012],[-78.736,-0.6034],[-78.7362,-0.6061],[-78.7351,-0.6077],[-78.7362,-0.6111],[-78.7368,-0.615],[-78.7388,-0.6182],[-78.7391,-0.622],[-78.7367,-0.6246],[-78.736,-0.6269],[-78.734,-0.6304],[-78.7354,-0.6374],[-78.7347,-0.6399],[-78.7307,-0.6411],[-78.7204,-0.6492],[-78.7159,-0.6631],[-78.7004,-0.6584],[-78.6911,-0.6594],[-78.664,-0.6477],[-78.6571,-0.6368],[-78.6481,-0.6428],[-78.6414,-0.6326],[-78.6391,-0.6193],[-78.6227,-0.6095]]]},"properties":{"dpa_parroq":"1700700850","dpa_despar":"CHAUPI","dpa_canton":"1703","dpa_descan":"MEJIA","dpa_provin":"17","dpa_despro":"PICHINCHA","estado":"RURAL","nombres_cne":"CHAUPI"}},{"type":"Feature","geometry":{"type":"Polygon","coordinates":[[[-78.6325,-0.3612],[-78.6508,-0.3585],[-78.6608,-0.3609],[-78.667,-0.352],[-78.6687,-0.3401],[-78.6804,-0.3222],[-78.6991,-0.3215],[-78.714,-0.3181],[-78.7204,-0.3259],[-78.7314,-0.3195],[-78.7377,-0.2982],[-78.7456,-0.2916],[-78.7461,-0.2774],[-78.756,-0.2825],[-78.7736,-0.2798],[-78.7739,-0.2984],[-78.7874,-0.3061],[-78.7875,-0.3147],[-78.795,-0.3156],[-78.8071,-0.3247],[-78.8082,-0.3323],[-78.8172,-0.3345],[-78.8197,-0.3456],[-78.8348,-0.3446],[-78.8565,-0.3494],[-78.8656,-0.3428],[-78.8668,-0.3323],[-78.8754,-0.3304],[-78.8846,-0.3371],[-78.893,-0.332],[-78.8995,-0.3358],[-78.9116,-0.3302],[-78.9287,-0.3141],[-78.9443,-0.3113],[-78.9549,-0.3166],[-78.948,-0.328],[-78.9413,-0.3315],[-78.9255,-0.3372],[-78.9148,-0.3464],[-78.914,-0.3543],[-78.907,-0.3614],[-78.9163,-0.3682],[-78.8822,-0.4161],[-78.8755,-0.4143],[-78.8689,-0.4296],[-78.8615,-0.4339],[-78.8638,-0.4405],[-78.8578,-0.462],[-78.8517,-0.4682],[-78.8482,-0.4702],[-78.8456,-0.4705],[-78.8408,-0.4743],[-78.8384,-0.4778],[-78.8376,-0.482],[-78.8374,-0.4894],[-78.8362,-0.4957],[-78.833,-0.4995],[-78.8356,-0.5026],[-78.8356,-0.5044],[-78.8343,-0.5071],[-78.8353,-0.5093],[-78.8339,-0.513],[-78.8337,-0.5184],[-78.8342,-0.521],[-78.8323,-0.5247],[-78.8288,-0.5259],[-78.8272,-0.5281],[-78.8236,-0.5294],[-78.8215,-0.5293],[-78.8172,-0.5324],[-78.8156,-0.5345],[-78.8112,-0.5374],[-78.8086,-0.5362],[-78.8065,-0.5384],[-78.8033,-0.5403],[-78.8003,-0.5406],[-78.7967,-0.5417],[-78.7958,-0.5433],[-78.7902,-0.5428],[-78.7858,-0.5399],[-78.7826,-0.5408],[-78.7808,-0.5391],[-78.7785,-0.5385],[-78.776,-0.5406],[-78.7747,-0.5429],[-78.772,-0.5426],[-78.7707,-0.5453],[-78.7671,-0.5445],[-78.7649,-0.5447],[-78.7591,-0.5475],[-78.755,-0.5477],[-78.7509,-0.5503],[-78.7451,-0.5456],[-78.7074,-0.5353],[-78.7145,-0.5298],[-78.7151,-0.522],[-78.7233,-0.5123],[-78.7304,-0.4993],[-78.7276,-0.4907],[-78.7153,-0.4782],[-78.6991,-0.4749],[-78.7066,-0.4624],[-78.716,-0.4395],[-78.7088,-0.4299],[-78.6714,-0.41],[-78.6643,-0.3959],[-78.6673,-0.3911],[-78.6487,-0.3688],[-78.6325,-0.3612]]]},"properties":{"dpa_parroq":"1700700650","dpa_despar":"CORNEJO ASTORGA / TANDAPI","dpa_canton":"1703","dpa_descan":"MEJIA","dpa_provin":"17","dpa_despro":"PICHINCHA","estado":"RURAL","nombres_cne":"CORNEJO ASTORGA TANDAPI"}},{"type":"Feature","geometry":{"type":"Polygon","coordinates":[[[-78.5549,-0.3894],[-78.5699,-0.386],[-78.5695,-0.3965],[-78.5872,-0.3846],[-78.6078,-0.3789],[-78.6106,-0.3729],[-78.6114,-0.3798],[-78.6184,-0.3905],[-78.6051,-0.4066],[-78.5907,-0.4134],[-78.5836,-0.4216],[-78.5706,-0.4256],[-78.5657,-0.4301],[-78.5523,-0.4298],[-78.549,-0.4317],[-78.5452,-0.4309],[-78.5458,-0.4341],[-78.5482,-0.4356],[-78.5465,-0.4424],[-78.5483,-0.4444],[-78.5492,-0.4481],[-78.5491,-0.4506],[-78.5478,-0.4532],[-78.5453,-0.454],[-78.5423,-0.4566],[-78.5388,-0.4578],[-78.5362,-0.4564],[-78.5333,-0.4573],[-78.5293,-0.4563],[-78.5246,-0.4566],[-78.5219,-0.4579],[-78.5157,-0.4581],[-78.5132,-0.4568],[-78.5092,-0.4557],[-78.5042,-0.4568],[-78.5002,-0.459],[-78.4807,-0.4662],[-78.4869,-0.4585],[-78.5136,-0.4359],[-78.5199,-0.4256],[-78.5301,-0.4151],[-78.5329,-0.4],[-78.5401,-0.4038],[-78.5503,-0.3973],[-78.5549,-0.3894]]]},"properties":{"dpa_parroq":"1700703960","dpa_despar":"TAMBILLO","dpa_canton":"1703","dpa_descan":"MEJIA","dpa_provin":"17","dpa_despro":"PICHINCHA","estado":"RURAL","nombres_cne":"TAMBILLO"}},{"type":"Feature","geometry":{"type":"Polygon","coordinates":[[[-78.5208,-0.3662],[-78.5255,-0.3653],[-78.5283,-0.3623],[-78.5291,-0.385],[-78.5379,-0.3902],[-78.5549,-0.3894],[-78.5503,-0.3973],[-78.5401,-0.4038],[-78.5329,-0.4],[-78.5301,-0.4151],[-78.5199,-0.4256],[-78.5136,-0.4359],[-78.4869,-0.4585],[-78.4807,-0.4662],[-78.4807,-0.4656],[-78.48,-0.457],[-78.4946,-0.4429],[-78.4967,-0.4307],[-78.5034,-0.4237],[-78.5096,-0.4088],[-78.5214,-0.3976],[-78.5119,-0.3784],[-78.5085,-0.3656],[-78.5208,-0.3662]]]},"properties":{"dpa_parroq":"1700704155","dpa_despar":"UYUMBICHO","dpa_canton":"1703","dpa_descan":"MEJIA","dpa_provin":"17","dpa_despro":"PICHINCHA","estado":"RURAL","nombres_cne":"UYUMBICHO"}},{"type":"Feature","geometry":{"type":"Polygon","coordinates":[[[-78.2461,0.1236],[-78.2476,0.1265],[-78.2551,0.1303],[-78.2581,0.1341],[-78.2587,0.1355],[-78.2668,0.1378],[-78.2667,0.1334],[-78.2653,0.1288],[-78.2628,0.1288],[-78.2608,0.1273],[-78.2597,0.1205],[-78.2559,0.1185],[-78.2549,0.1148],[-78.2551,0.1081],[-78.2529,0.1054],[-78.2517,0.1004],[-78.2477,0.0939],[-78.2498,0.0898],[-78.2474,0.0849],[-78.2477,0.0787],[-78.246,0.0729],[-78.2459,0.0699],[-78.2448,0.0658],[-78.2444,0.0617],[-78.2449,0.0535],[-78.2433,0.0491],[-78.2411,0.0466],[-78.2391,0.0422],[-78.2394,0.039],[-78.2387,0.037],[-78.2384,0.0296],[-78.2379,0.0267],[-78.2362,0.0223],[-78.2356,0.0179],[-78.2373,0.014],[-78.2368,0.0099],[-78.2352,0.0032],[-78.2363,0.0011],[-78.2315,0.0011],[-78.2293,0.0068],[-78.2268,0.0064],[-78.2229,0.0073],[-78.2218,0.0103],[-78.2191,0.0093],[-78.2164,0.0108],[-78.2165,0.0156],[-78.2138,0.0171],[-78.2148,0.0189],[-78.2112,0.0199],[-78.209,0.0182],[-78.205,0.0171],[-78.2032,0.018],[-78.2017,0.0129],[-78.1999,0.012],[-78.2005,0.0102],[-78.1984,0.0088],[-78.1985,0.0066],[-78.1965,0.0041],[-78.1933,0.0024],[-78.1922,-0.0008],[-78.1893,-0.003],[-78.1842,-0.0027],[-78.1813,-0.0031],[-78.1801,0.0018],[-78.1808,0.0031],[-78.1788,0.0052],[-78.1787,0.0077],[-78.177,0.0078],[-78.1743,0.0085],[-78.1727,0.0115],[-78.1735,0.0168],[-78.1723,0.0185],[-78.1692,0.0202],[-78.1682,0.0242],[-78.1665,0.0271],[-78.1678,0.0348],[-78.1703,0.0406],[-78.1687,0.0447],[-78.1692,0.0458],[-78.1802,0.0455],[-78.1776,0.0511],[-78.179,0.0551],[-78.1822,0.0558],[-78.1839,0.0591],[-78.1857,0.0597],[-78.1871,0.0616],[-78.1906,0.0625],[-78.1922,0.064],[-78.1948,0.0579],[-78.1959,0.061],[-78.1944,0.0631],[-78.1983,0.0665],[-78.1985,0.0692],[-78.202,0.0721],[-78.202,0.0795],[-78.2056,0.0804],[-78.2087,0.0842],[-78.2108,0.0851],[-78.2133,0.0907],[-78.2153,0.0924],[-78.2181,0.0931],[-78.2195,0.0957],[-78.2251,0.1001],[-78.2275,0.1034],[-78.2289,0.1041],[-78.2326,0.1107],[-78.2329,0.1134],[-78.2342,0.1163],[-78.2362,0.1184],[-78.2393,0.1198],[-78.2429,0.1204],[-78.2461,0.1236]]]},"properties":{"dpa_parroq":"1700756145","dpa_despar":"TABACUNDO","dpa_canton":"1704","dpa_descan":"PEDRO MONCAYO","dpa_provin":"17","dpa_despro":"PICHINCHA","estado":"URBANA","nombres_cne":"TABACUNDO"}},{"type":"Feature","geometry":{"type":"Polygon","coordinates":[[[-78.2363,0.0011],[-78.2352,0.0032],[-78.2368,0.0099],[-78.2373,0.014],[-78.2356,0.0179],[-78.2362,0.0223],[-78.2379,0.0267],[-78.2384,0.0296],[-78.2387,0.037],[-78.2394,0.039],[-78.2391,0.0422],[-78.2411,0.0466],[-78.2433,0.0491],[-78.2449,0.0535],[-78.2444,0.0617],[-78.2448,0.0658],[-78.2459,0.0699],[-78.246,0.0729],[-78.2477,0.0787],[-78.2474,0.0849],[-78.2498,0.0898],[-78.2477,0.0939],[-78.2517,0.1004],[-78.2529,0.1054],[-78.2551,0.1081],[-78.2549,0.1148],[-78.2559,0.1185],[-78.2597,0.1205],[-78.2689,0.1056],[-78.274,0.0874],[-78.2739,0.069],[-78.2693,0.0527],[-78.271,0.0441],[-78.2646,0.0294],[-78.2642,0.0104],[-78.2692,0],[-78.2525,-0.0068],[-78.2367,0.0011],[-78.2363,0.0011]]]},"properties":{"dpa_parroq":"1700752025","dpa_despar":"LA ESPERANZA","dpa_canton":"1704","dpa_descan":"PEDRO MONCAYO","dpa_provin":"17","dpa_despro":"PICHINCHA","estado":"RURAL","nombres_cne":"LA ESPERANZA"}},{"type":"Feature","geometry":{"type":"Polygon","coordinates":[[[-78.2899,0.1347],[-78.2892,0.1377],[-78.2898,0.1407],[-78.2881,0.145],[-78.2867,0.146],[-78.2845,0.1494],[-78.2851,0.1512],[-78.2909,0.1521],[-78.2973,0.1547],[-78.301,0.1545],[-78.3007,0.1483],[-78.3079,0.1388],[-78.309,0.1292],[-78.3014,0.1148],[-78.3202,0.1108],[-78.3335,0.1048],[-78.3268,0.1004],[-78.3272,0.0883],[-78.3516,0.0702],[-78.3578,0.0631],[-78.3791,0.0533],[-78.391,0.0385],[-78.3966,0.0267],[-78.3943,0.0073],[-78.4027,-0.0051],[-78.3976,-0.0202],[-78.3976,-0.0298],[-78.3883,-0.039],[-78.3817,-0.0315],[-78.3672,-0.0288],[-78.3582,-0.023],[-78.3533,-0.0318],[-78.3375,-0.037],[-78.334,-0.0246],[-78.3463,-0.0043],[-78.3458,0.0098],[-78.3426,0.02],[-78.3348,0.0297],[-78.3236,0.0727],[-78.3159,0.0857],[-78.3,0.0931],[-78.3009,0.1052],[-78.2956,0.1126],[-78.3002,0.1217],[-78.2899,0.1347]]]},"properties":{"dpa_parroq":"1700752330","dpa_despar":"MALCHINGUI","dpa_canton":"1704","dpa_descan":"PEDRO MONCAYO","dpa_provin":"17","dpa_despro":"PICHINCHA","estado":"RURAL","nombres_cne":"MALCHINGUI"}},{"type":"Feature","geometry":{"type":"Polygon","coordinates":[[[-78.2597,0.1205],[-78.2608,0.1273],[-78.2628,0.1288],[-78.2653,0.1288],[-78.2667,0.1334],[-78.2668,0.1378],[-78.2769,0.1354],[-78.2829,0.1287],[-78.2899,0.1347],[-78.3002,0.1217],[-78.2956,0.1126],[-78.3009,0.1052],[-78.3,0.0931],[-78.3159,0.0857],[-78.3236,0.0727],[-78.3348,0.0297],[-78.3426,0.02],[-78.3458,0.0098],[-78.3463,-0.0043],[-78.334,-0.0246],[-78.3237,-0.0199],[-78.3147,-0.0129],[-78.3077,-0.0141],[-78.3011,-0.0046],[-78.2845,-0.0056],[-78.2692,0],[-78.2642,0.0104],[-78.2646,0.0294],[-78.271,0.0441],[-78.2693,0.0527],[-78.2739,0.069],[-78.274,0.0874],[-78.2689,0.1056],[-78.2597,0.1205]]]},"properties":{"dpa_parroq":"1700754045","dpa_despar":"TOCACHI","dpa_canton":"1704","dpa_descan":"PEDRO MONCAYO","dpa_provin":"17","dpa_despro":"PICHINCHA","estado":"RURAL","nombres_cne":"TOCACHI"}},{"type":"Feature","geometry":{"type":"Polygon","coordinates":[[[-78.1856,0.1341],[-78.1961,0.1349],[-78.2016,0.1279],[-78.2177,0.1258],[-78.2242,0.1292],[-78.229,0.1221],[-78.2461,0.1236],[-78.2429,0.1204],[-78.2393,0.1198],[-78.2362,0.1184],[-78.2342,0.1163],[-78.2329,0.1134],[-78.2326,0.1107],[-78.2289,0.1041],[-78.2275,0.1034],[-78.2251,0.1001],[-78.2195,0.0957],[-78.2181,0.0931],[-78.2153,0.0924],[-78.2133,0.0907],[-78.2108,0.0851],[-78.2087,0.0842],[-78.2056,0.0804],[-78.202,0.0795],[-78.202,0.0721],[-78.1985,0.0692],[-78.1983,0.0665],[-78.1944,0.0631],[-78.1959,0.061],[-78.1948,0.0579],[-78.1922,0.064],[-78.1906,0.0625],[-78.1871,0.0616],[-78.1857,0.0597],[-78.1839,0.0591],[-78.1822,0.0558],[-78.179,0.0551],[-78.1776,0.0511],[-78.1802,0.0455],[-78.1692,0.0458],[-78.1671,0.0512],[-78.1655,0.0518],[-78.1654,0.0543],[-78.1631,0.0571],[-78.1664,0.0787],[-78.1625,0.0861],[-78.1701,0.099],[-78.1856,0.1341]]]},"properties":{"dpa_parroq":"1700754090","dpa_despar":"TUPIGACHI","dpa_canton":"1704","dpa_descan":"PEDRO MONCAYO","dpa_provin":"17","dpa_despro":"PICHINCHA","estado":"RURAL","nombres_cne":"TUPIGACHI"}},{"type":"Feature","geometry":{"type":"Polygon","coordinates":[[[-78.9477,0.2039],[-78.9497,0.2049],[-78.9515,0.207],[-78.9541,0.2067],[-78.9552,0.2104],[-78.9583,0.211],[-78.9593,0.2139],[-78.9643,0.2151],[-78.9638,0.2172],[-78.966,0.2232],[-78.9694,0.2206],[-78.9715,0.22],[-78.9738,0.2161],[-78.9753,0.2152],[-78.9783,0.2118],[-78.9816,0.2112],[-78.9841,0.2163],[-78.9863,0.217],[-78.9873,0.2129],[-78.9919,0.212],[-78.9939,0.2168],[-78.9986,0.2178],[-79.001,0.2201],[-79.0021,0.2233],[-79.0077,0.2242],[-79.0101,0.2261],[-79.0137,0.2315],[-79.0165,0.2378],[-79.0149,0.24],[-79.0151,0.2427],[-79.0171,0.2466],[-79.0166,0.2484],[-79.017,0.2524],[-79.0146,0.2596],[-79.0168,0.2644],[-79.0143,0.2689],[-79.0178,0.273],[-79.0169,0.2755],[-79.0176,0.277],[-79.0213,0.2793],[-79.0272,0.2797],[-79.0314,0.283],[-79.0293,0.2875],[-79.0293,0.2904],[-79.0311,0.2925],[-79.0362,0.2944],[-79.0406,0.2951],[-79.043,0.2946],[-79.0471,0.2898],[-79.0491,0.2905],[-79.0517,0.2935],[-79.0565,0.2936],[-79.0575,0.2959],[-79.0574,0.2996],[-79.0584,0.3055],[-79.0593,0.3072],[-79.0629,0.3057],[-79.0666,0.307],[-79.0682,0.3091],[-79.072,0.3085],[-79.0758,0.3066],[-79.0818,0.3019],[-79.0846,0.3001],[-79.088,0.2995],[-79.0934,0.3006],[-79.0973,0.3019],[-79.1,0.3053],[-79.1021,0.3058],[-79.1045,0.3045],[-79.1081,0.3051],[-79.1115,0.3074],[-79.1136,0.3053],[-79.1123,0.3024],[-79.1096,0.3005],[-79.1115,0.2983],[-79.1152,0.3007],[-79.1169,0.305],[-79.1179,0.3093],[-79.1189,0.3105],[-79.1265,0.3142],[-79.1277,0.3174],[-79.1323,0.3197],[-79.1334,0.3209],[-79.1416,0.3216],[-79.1441,0.3186],[-79.1482,0.3163],[-79.1463,0.3158],[-79.1441,0.3109],[-79.1374,0.3108],[-79.1356,0.3083],[-79.1368,0.3056],[-79.1358,0.3042],[-79.1332,0.3032],[-79.1321,0.3062],[-79.1302,0.3046],[-79.1306,0.3011],[-79.1351,0.2997],[-79.1333,0.296],[-79.1222,0.2956],[-79.123,0.2736],[-79.1441,0.2736],[-79.1441,0.2436],[-79.1474,0.1945],[-79.1505,0.1945],[-79.1513,0.1828],[-79.1509,0.1796],[-79.1467,0.1742],[-79.1439,0.1731],[-79.1455,0.1697],[-79.1455,0.1656],[-79.1441,0.1614],[-79.1438,0.1568],[-79.1422,0.1565],[-79.1422,0.1384],[-79.1649,0.1425],[-79.1683,0.07],[-79.1791,0.07],[-79.1775,0.067],[-79.1782,0.0637],[-79.1746,0.0605],[-79.1725,0.062],[-79.1704,0.0596],[-79.1674,0.0591],[-79.1643,0.0599],[-79.1622,0.0617],[-79.1597,0.0587],[-79.1558,0.0559],[-79.1526,0.0529],[-79.1498,0.0515],[-79.1474,0.0485],[-79.1468,0.0451],[-79.1453,0.0432],[-79.1416,0.0405],[-79.1392,0.0402],[-79.1369,0.0393],[-79.1362,0.0349],[-79.1339,0.0323],[-79.1289,0.0313],[-79.1281,0.0328],[-79.1243,0.0321],[-79.1221,0.0297],[-79.1222,0.0277],[-79.1179,0.0281],[-79.1152,0.0276],[-79.1143,0.0291],[-79.1114,0.0279],[-79.1104,0.0248],[-79.1083,0.0258],[-79.106,0.0258],[-79.1044,0.024],[-79.101,0.0239],[-79.1004,0.0372],[-79.0623,0.0284],[-79.0626,0.0245],[-79.031,0.0189],[-79.0302,0.0176],[-78.9902,0.0121],[-78.9901,0.036],[-78.9792,0.0361],[-78.978,0.054],[-78.9515,0.0482],[-78.9497,0.0683],[-78.9492,0.0843],[-78.9456,0.0802],[-78.9442,0.0882],[-78.9437,0.0882],[-78.9431,0.1063],[-78.9371,0.1052],[-78.9349,0.1068],[-78.9381,0.1099],[-78.9386,0.112],[-78.9385,0.1164],[-78.9395,0.1181],[-78.935,0.1241],[-78.9343,0.1269],[-78.935,0.1293],[-78.9376,0.1316],[-78.9379,0.1358],[-78.9359,0.1365],[-78.9334,0.1397],[-78.9325,0.1444],[-78.9329,0.1462],[-78.9362,0.1484],[-78.9348,0.1518],[-78.9355,0.1552],[-78.938,0.1598],[-78.9364,0.1649],[-78.9375,0.1687],[-78.9362,0.1708],[-78.9358,0.1745],[-78.9376,0.1789],[-78.9389,0.1806],[-78.938,0.1823],[-78.9403,0.1862],[-78.9397,0.1909],[-78.938,0.1926],[-78.939,0.1946],[-78.9415,0.1967],[-78.9438,0.1973],[-78.9451,0.1998],[-78.9475,0.2025],[-78.9477,0.2039]]]},"properties":{"dpa_parroq":"1708956415","dpa_despar":"PEDRO VICENTE MALDONADO","dpa_canton":"1708","dpa_descan":"PEDRO VICENTE MALDONADO","dpa_provin":"17","dpa_despro":"PICHINCHA","estado":"URBANA","nombres_cne":"PEDRO VICENTE MALDONADO"}},{"type":"Feature","geometry":{"type":"Polygon","coordinates":[[[-79.1482,0.3163],[-79.1499,0.3163],[-79.1526,0.3217],[-79.1564,0.3208],[-79.1583,0.3187],[-79.1607,0.3176],[-79.1627,0.3179],[-79.1662,0.3168],[-79.1682,0.3153],[-79.1735,0.3151],[-79.1788,0.3124],[-79.1819,0.3144],[-79.19,0.3179],[-79.1959,0.3188],[-79.2014,0.3204],[-79.2038,0.3223],[-79.2053,0.3223],[-79.2088,0.3197],[-79.211,0.3189],[-79.2142,0.3195],[-79.2159,0.3212],[-79.2173,0.3249],[-79.2197,0.3245],[-79.2212,0.3214],[-79.2248,0.3217],[-79.2265,0.3245],[-79.2311,0.3268],[-79.234,0.3267],[-79.2414,0.3203],[-79.2441,0.3201],[-79.2465,0.323],[-79.2493,0.3226],[-79.2522,0.3206],[-79.2551,0.3197],[-79.259,0.3198],[-79.2646,0.318],[-79.2675,0.3179],[-79.2719,0.3199],[-79.273,0.3223],[-79.2736,0.3212],[-79.2741,0.3145],[-79.2719,0.3141],[-79.2721,0.3089],[-79.279,0.3092],[-79.279,0.2923],[-79.2812,0.2895],[-79.2818,0.2856],[-79.2855,0.287],[-79.2863,0.285],[-79.2881,0.2847],[-79.2876,0.2825],[-79.2914,0.2822],[-79.2928,0.278],[-79.292,0.2766],[-79.2942,0.2751],[-79.2958,0.2728],[-79.295,0.2707],[-79.2958,0.2677],[-79.3004,0.2672],[-79.3016,0.2648],[-79.2981,0.2618],[-79.2983,0.2594],[-79.3017,0.2612],[-79.304,0.2631],[-79.3088,0.2607],[-79.3126,0.2627],[-79.3154,0.2605],[-79.3167,0.2573],[-79.319,0.2547],[-79.3236,0.2536],[-79.3263,0.254],[-79.3268,0.2519],[-79.3282,0.2514],[-79.3306,0.2533],[-79.3338,0.2497],[-79.335,0.2501],[-79.3375,0.2486],[-79.3409,0.248],[-79.3425,0.2501],[-79.3452,0.2469],[-79.3516,0.2463],[-79.353,0.2475],[-79.3598,0.2475],[-79.359,0.246],[-79.3597,0.2429],[-79.3626,0.2406],[-79.3628,0.2364],[-79.3574,0.2304],[-79.3533,0.2278],[-79.3505,0.2209],[-79.3492,0.2136],[-79.3473,0.2115],[-79.3434,0.2117],[-79.3383,0.2138],[-79.3321,0.2117],[-79.3286,0.2091],[-79.3241,0.201],[-79.3203,0.1967],[-79.3146,0.1933],[-79.3125,0.1895],[-79.3065,0.1828],[-79.3045,0.1797],[-79.3048,0.1768],[-79.3041,0.1732],[-79.3051,0.1711],[-79.3076,0.1688],[-79.3086,0.1657],[-79.3113,0.1603],[-79.3139,0.1579],[-79.3236,0.1574],[-79.3249,0.1562],[-79.3273,0.1455],[-79.3299,0.1422],[-79.3316,0.1379],[-79.3314,0.1339],[-79.3305,0.1317],[-79.3301,0.128],[-79.3308,0.1186],[-79.3318,0.1151],[-79.3344,0.1111],[-79.3374,0.1088],[-79.3388,0.1055],[-79.3481,0.0967],[-79.3489,0.0911],[-79.3503,0.087],[-79.3533,0.0809],[-79.3547,0.076],[-79.3547,0.0674],[-79.3577,0.0635],[-79.3621,0.0601],[-79.3659,0.0566],[-79.368,0.0538],[-79.3684,0.0513],[-79.3667,0.0464],[-79.367,0.0434],[-79.3715,0.0328],[-79.3698,0.0306],[-79.3682,0.0264],[-79.368,0.0224],[-79.3652,0.0186],[-79.3608,0.0202],[-79.359,0.0182],[-79.3551,0.0192],[-79.3521,0.0178],[-79.3508,0.0201],[-79.3468,0.0232],[-79.3443,0.0225],[-79.3423,0.024],[-79.3401,0.0194],[-79.3387,0.0211],[-79.3357,0.0228],[-79.334,0.0205],[-79.3315,0.0211],[-79.3303,0.0233],[-79.3279,0.0215],[-79.3247,0.0235],[-79.3214,0.0205],[-79.3186,0.0153],[-79.3141,0.0139],[-79.3147,0.0117],[-79.3128,0.0105],[-79.3113,0.0129],[-79.3118,0.0142],[-79.3083,0.0192],[-79.3062,0.0188],[-79.304,0.0207],[-79.3015,0.0191],[-79.2989,0.0189],[-79.2974,0.0175],[-79.295,0.0172],[-79.2894,0.0163],[-79.2877,0.0175],[-79.2849,0.0181],[-79.2822,0.0145],[-79.2787,0.0145],[-79.2708,0.0129],[-79.2687,0.0122],[-79.265,0.012],[-79.2611,0.0102],[-79.26,0.0114],[-79.2575,0.01],[-79.2563,0.008],[-79.2531,0.0071],[-79.247,0.0072],[-79.2454,0.0063],[-79.2454,0.0101],[-79.2443,0.0114],[-79.2404,0.0099],[-79.2381,0.0106],[-79.2378,0.0122],[-79.2351,0.0111],[-79.2375,0.0093],[-79.2363,0.0055],[-79.2325,0.004],[-79.2269,0.0064],[-79.2265,0.005],[-79.224,0.0022],[-79.2209,0.0034],[-79.2189,0.0021],[-79.2168,0.0039],[-79.2151,0.0026],[-79.2109,0.0024],[-79.2109,0.0004],[-79.2021,-0.0031],[-79.1995,-0.0025],[-79.2,-0.0003],[-79.197,-0.001],[-79.1983,-0.0044],[-79.1966,-0.0059],[-79.1946,-0.0089],[-79.1925,-0.011],[-79.1894,-0.0111],[-79.1854,-0.0094],[-79.1848,-0.0135],[-79.1836,-0.0145],[-79.1818,-0.0127],[-79.1781,-0.0125],[-79.1748,-0.0141],[-79.1722,-0.013],[-79.1693,-0.0155],[-79.1677,-0.0149],[-79.1673,-0.01],[-79.166,0.0006],[-79.1684,0.003],[-79.1674,0.006],[-79.1645,0.0063],[-79.1622,0.0055],[-79.1612,0.0026],[-79.1554,0.0039],[-79.1518,0.0013],[-79.1505,0.0016],[-79.1477,0.0003],[-79.1457,0.0005],[-79.1416,0.0023],[-79.1413,0.0001],[-79.1385,0.002],[-79.1324,0.0024],[-79.1309,0.0031],[-79.1337,0.0123],[-79.1377,0.0133],[-79.1393,0.0143],[-79.1393,0.0191],[-79.1462,0.023],[-79.1488,0.0232],[-79.153,0.0295],[-79.1564,0.0291],[-79.1568,0.03],[-79.1609,0.0316],[-79.1619,0.0336],[-79.1622,0.0369],[-79.1596,0.0378],[-79.1567,0.035],[-79.154,0.0345],[-79.1434,0.0341],[-79.1392,0.0326],[-79.1392,0.0402],[-79.1416,0.0405],[-79.1453,0.0432],[-79.1468,0.0451],[-79.1474,0.0485],[-79.1498,0.0515],[-79.1526,0.0529],[-79.1558,0.0559],[-79.1597,0.0587],[-79.1622,0.0617],[-79.1643,0.0599],[-79.1674,0.0591],[-79.1704,0.0596],[-79.1725,0.062],[-79.1746,0.0605],[-79.1782,0.0637],[-79.1775,0.067],[-79.1791,0.07],[-79.1683,0.07],[-79.1649,0.1425],[-79.1422,0.1384],[-79.1422,0.1565],[-79.1438,0.1568],[-79.1441,0.1614],[-79.1455,0.1656],[-79.1455,0.1697],[-79.1439,0.1731],[-79.1467,0.1742],[-79.1509,0.1796],[-79.1513,0.1828],[-79.1505,0.1945],[-79.1474,0.1945],[-79.1441,0.2436],[-79.1441,0.2736],[-79.123,0.2736],[-79.1222,0.2956],[-79.1333,0.296],[-79.1351,0.2997],[-79.1306,0.3011],[-79.1302,0.3046],[-79.1321,0.3062],[-79.1332,0.3032],[-79.1358,0.3042],[-79.1368,0.3056],[-79.1356,0.3083],[-79.1374,0.3108],[-79.1441,0.3109],[-79.1463,0.3158],[-79.1482,0.3163]]]},"properties":{"dpa_parroq":"1708966125","dpa_despar":"PUERTO QUITO","dpa_canton":"1709","dpa_descan":"PUERTO QUITO","dpa_provin":"17","dpa_despro":"PICHINCHA","estado":"URBANA","nombres_cne":"PUERTO QUITO"}},{"type":"Feature","geometry":{"type":"Polygon","coordinates":[[[-78.4904,-0.1835],[-78.4954,-0.1864],[-78.5014,-0.1839],[-78.5029,-0.1838],[-78.5051,-0.1814],[-78.5085,-0.1822],[-78.5084,-0.1774],[-78.5129,-0.1759],[-78.5146,-0.1799],[-78.5179,-0.1783],[-78.5199,-0.1783],[-78.5254,-0.1763],[-78.5274,-0.1769],[-78.5306,-0.1759],[-78.5336,-0.1734],[-78.5376,-0.1723],[-78.5412,-0.1719],[-78.5474,-0.1685],[-78.5494,-0.169],[-78.552,-0.1681],[-78.5555,-0.1655],[-78.5599,-0.167],[-78.5627,-0.1668],[-78.5603,-0.1713],[-78.5563,-0.176],[-78.5511,-0.1772],[-78.5475,-0.1807],[-78.5442,-0.1819],[-78.5412,-0.1839],[-78.5373,-0.1883],[-78.5355,-0.1919],[-78.5298,-0.1929],[-78.525,-0.1951],[-78.5201,-0.1959],[-78.5171,-0.1977],[-78.5151,-0.1978],[-78.5119,-0.1993],[-78.5106,-0.2037],[-78.5109,-0.2063],[-78.5066,-0.2048],[-78.5043,-0.2029],[-78.5014,-0.2023],[-78.4994,-0.2064],[-78.495,-0.1958],[-78.4914,-0.1869],[-78.4904,-0.1835]]]},"properties":{"dpa_parroq":"1700607130","dpa_despar":"BELISARIO QUEVEDO","dpa_canton":"1701","dpa_descan":"QUITO","dpa_provin":"17","dpa_despro":"PICHINCHA","estado":"URBANA","nombres_cne":"BELISARIO QUEVEDO"}},{"type":"Feature","geometry":{"type":"Polygon","coordinates":[[[-78.4615,-0.1081],[-78.459,-0.1069],[-78.4565,-0.1039],[-78.4552,-0.0983],[-78.4564,-0.0914],[-78.4541,-0.0883],[-78.451,-0.0817],[-78.4514,-0.0782],[-78.4505,-0.0767],[-78.4516,-0.0732],[-78.4543,-0.0707],[-78.4557,-0.0717],[-78.4624,-0.072],[-78.4656,-0.0717],[-78.469,-0.0741],[-78.4744,-0.0746],[-78.4766,-0.074],[-78.4799,-0.0749],[-78.4814,-0.0795],[-78.4859,-0.0873],[-78.4877,-0.0895],[-78.4879,-0.0918],[-78.4907,-0.1015],[-78.4914,-0.1021],[-78.4882,-0.1028],[-78.4873,-0.1002],[-78.4876,-0.0963],[-78.485,-0.0976],[-78.4837,-0.0951],[-78.4795,-0.0933],[-78.4764,-0.0912],[-78.4743,-0.0909],[-78.4715,-0.0925],[-78.4704,-0.0947],[-78.4676,-0.0962],[-78.4645,-0.0982],[-78.4615,-0.1081]]]},"properties":{"dpa_parroq":"1700607135","dpa_despar":"CARCELEN","dpa_canton":"1701","dpa_descan":"QUITO","dpa_provin":"17","dpa_despro":"PICHINCHA","estado":"URBANA","nombres_cne":"CARCELEN"}},{"type":"Feature","geometry":{"type":"Polygon","coordinates":[[[-78.5094,-0.2327],[-78.5094,-0.2304],[-78.5073,-0.2309],[-78.5059,-0.2258],[-78.5047,-0.2258],[-78.5032,-0.2182],[-78.5049,-0.2166],[-78.5061,-0.215],[-78.5092,-0.2186],[-78.5133,-0.2155],[-78.5171,-0.2173],[-78.5203,-0.22],[-78.5215,-0.2184],[-78.5228,-0.2212],[-78.5238,-0.2264],[-78.5224,-0.2274],[-78.5238,-0.2316],[-78.5235,-0.2344],[-78.5213,-0.2362],[-78.5183,-0.236],[-78.5143,-0.2342],[-78.5101,-0.2345],[-78.5094,-0.2327]]]},"properties":{"dpa_parroq":"1700607140","dpa_despar":"CENTRO HISTORICO","dpa_canton":"1701","dpa_descan":"QUITO","dpa_provin":"17","dpa_despro":"PICHINCHA","estado":"URBANA","nombres_cne":"CENTRO HISTORICO"}},{"type":"Feature","geometry":{"type":"Polygon","coordinates":[[[-78.5392,-0.2159],[-78.5423,-0.2138],[-78.5462,-0.2137],[-78.548,-0.2144],[-78.5491,-0.2131],[-78.5515,-0.2124],[-78.5527,-0.2154],[-78.5498,-0.218],[-78.5534,-0.2194],[-78.5547,-0.2208],[-78.5535,-0.2228],[-78.5536,-0.2281],[-78.5513,-0.2361],[-78.5496,-0.2456],[-78.5472,-0.2477],[-78.5447,-0.2545],[-78.5419,-0.2559],[-78.5365,-0.2492],[-78.5347,-0.2469],[-78.5321,-0.2415],[-78.5301,-0.2389],[-78.5253,-0.2348],[-78.5291,-0.2308],[-78.5302,-0.2334],[-78.5321,-0.2332],[-78.5346,-0.2273],[-78.533,-0.2228],[-78.5348,-0.2193],[-78.5392,-0.2159]]]},"properties":{"dpa_parroq":"1700607155","dpa_despar":"CHILIBULO","dpa_canton":"1701","dpa_descan":"QUITO","dpa_provin":"17","dpa_despro":"PICHINCHA","estado":"URBANA","nombres_cne":"CHILIBULO"}},{"type":"Feature","geometry":{"type":"Polygon","coordinates":[[[-78.5524,-0.2765],[-78.5588,-0.2721],[-78.5634,-0.268],[-78.565,-0.2651],[-78.5637,-0.2632],[-78.5666,-0.2594],[-78.569,-0.2531],[-78.5695,-0.2471],[-78.5705,-0.2479],[-78.572,-0.257],[-78.5757,-0.2596],[-78.5779,-0.2617],[-78.5793,-0.2614],[-78.581,-0.2633],[-78.5852,-0.2635],[-78.5868,-0.2622],[-78.5885,-0.2642],[-78.5908,-0.2646],[-78.5951,-0.2638],[-78.5948,-0.2653],[-78.5962,-0.2681],[-78.602,-0.27],[-78.6053,-0.2735],[-78.6058,-0.2783],[-78.6084,-0.2824],[-78.6101,-0.2835],[-78.611,-0.288],[-78.6098,-0.2897],[-78.6102,-0.296],[-78.6106,-0.2968],[-78.6084,-0.2976],[-78.6082,-0.2886],[-78.6069,-0.286],[-78.5988,-0.2814],[-78.5939,-0.2802],[-78.5918,-0.2804],[-78.5892,-0.2847],[-78.5864,-0.2857],[-78.5844,-0.2874],[-78.5827,-0.2874],[-78.5777,-0.2897],[-78.5762,-0.2929],[-78.571,-0.2963],[-78.5695,-0.2938],[-78.5696,-0.292],[-78.5617,-0.2911],[-78.5585,-0.2919],[-78.5528,-0.2792],[-78.5524,-0.2765]]]},"properties":{"dpa_parroq":"1700605260","dpa_despar":"CHILLOGALLO","dpa_canton":"1701","dpa_descan":"QUITO","dpa_provin":"17","dpa_despro":"PICHINCHA","estado":"URBANA","nombres_cne":"CHILLOGALLO"}},{"type":"Feature","geometry":{"type":"Polygon","coordinates":[[[-78.5062,-0.2381],[-78.506,-0.2344],[-78.5051,-0.2324],[-78.5094,-0.2327],[-78.5101,-0.2345],[-78.5143,-0.2342],[-78.5188,-0.2442],[-78.5221,-0.2537],[-78.5215,-0.2542],[-78.5168,-0.2508],[-78.5147,-0.252],[-78.507,-0.2474],[-78.5061,-0.2447],[-78.5068,-0.2416],[-78.5062,-0.2381]]]},"properties":{"dpa_parroq":"1700605015","dpa_despar":"CHIMBACALLE","dpa_canton":"1701","dpa_descan":"QUITO","dpa_provin":"17","dpa_despro":"PICHINCHA","estado":"URBANA","nombres_cne":"CHIMBACALLE"}},{"type":"Feature","geometry":{"type":"Polygon","coordinates":[[[-78.5031,-0.1238],[-78.5061,-0.1205],[-78.5064,-0.1176],[-78.5111,-0.1193],[-78.5144,-0.1215],[-78.5161,-0.1252],[-78.5206,-0.1275],[-78.5224,-0.129],[-78.5281,-0.1288],[-78.5305,-0.1297],[-78.535,-0.1329],[-78.5379,-0.1342],[-78.5408,-0.1368],[-78.5441,-0.1452],[-78.5485,-0.1527],[-78.5499,-0.1537],[-78.5534,-0.1591],[-78.5568,-0.1601],[-78.5603,-0.1604],[-78.5662,-0.1633],[-78.5668,-0.1625],[-78.5669,-0.1627],[-78.5671,-0.1654],[-78.5664,-0.1647],[-78.5627,-0.1668],[-78.5599,-0.167],[-78.5555,-0.1655],[-78.5494,-0.1634],[-78.5446,-0.1637],[-78.5415,-0.166],[-78.5373,-0.1639],[-78.5311,-0.1645],[-78.5257,-0.1663],[-78.5253,-0.1677],[-78.5179,-0.1692],[-78.5174,-0.1712],[-78.5123,-0.1687],[-78.5106,-0.1673],[-78.5044,-0.167],[-78.499,-0.167],[-78.4986,-0.1635],[-78.5028,-0.1638],[-78.5033,-0.1609],[-78.4969,-0.1604],[-78.4974,-0.1541],[-78.4979,-0.1502],[-78.5004,-0.1432],[-78.5011,-0.1402],[-78.5031,-0.1238]]]},"properties":{"dpa_parroq":"1700607145","dpa_despar":"COCHAPAMBA","dpa_canton":"1701","dpa_descan":"QUITO","dpa_provin":"17","dpa_despro":"PICHINCHA","estado":"URBANA","nombres_cne":"COCHAPAMBA"}},{"type":"Feature","geometry":{"type":"Polygon","coordinates":[[[-78.4615,-0.1081],[-78.4645,-0.0982],[-78.4676,-0.0962],[-78.4701,-0.0982],[-78.469,-0.1022],[-78.4712,-0.1049],[-78.4737,-0.1028],[-78.4781,-0.1089],[-78.4788,-0.1106],[-78.4801,-0.1202],[-78.4755,-0.1211],[-78.473,-0.1269],[-78.4714,-0.1273],[-78.4695,-0.1275],[-78.4673,-0.126],[-78.4641,-0.1273],[-78.4616,-0.1232],[-78.4604,-0.1185],[-78.4578,-0.1187],[-78.4505,-0.1215],[-78.4494,-0.121],[-78.4504,-0.1197],[-78.4574,-0.1142],[-78.4599,-0.1143],[-78.4603,-0.1096],[-78.4615,-0.1081]]]},"properties":{"dpa_parroq":"1700607150","dpa_despar":"COMITE DEL PUEBLO","dpa_canton":"1701","dpa_descan":"QUITO","dpa_provin":"17","dpa_despro":"PICHINCHA","estado":"URBANA","nombres_cne":"COMITE DEL PUEBLO"}},{"type":"Feature","geometry":{"type":"Polygon","coordinates":[[[-78.4939,-0.1231],[-78.4948,-0.1129],[-78.4982,-0.1071],[-78.4974,-0.1063],[-78.4974,-0.1025],[-78.5006,-0.1032],[-78.4997,-0.1056],[-78.5035,-0.1079],[-78.5064,-0.1176],[-78.5061,-0.1205],[-78.5031,-0.1238],[-78.5021,-0.1237],[-78.5015,-0.1292],[-78.494,-0.1293],[-78.4939,-0.1231]]]},"properties":{"dpa_parroq":"1700605220","dpa_despar":"COTOCOLLAO","dpa_canton":"1701","dpa_descan":"QUITO","dpa_provin":"17","dpa_despro":"PICHINCHA","estado":"URBANA","nombres_cne":"COTOCOLLAO"}},{"type":"Feature","geometry":{"type":"Polygon","coordinates":[[[-78.4923,-0.0496],[-78.5001,-0.0497],[-78.501,-0.0517],[-78.5064,-0.0553],[-78.5103,-0.0595],[-78.5109,-0.0615],[-78.5108,-0.0654],[-78.5139,-0.0686],[-78.5135,-0.0722],[-78.5231,-0.0734],[-78.5255,-0.0722],[-78.5275,-0.0728],[-78.5287,-0.0707],[-78.5317,-0.0712],[-78.5362,-0.0696],[-78.5405,-0.0699],[-78.5405,-0.074],[-78.5443,-0.0747],[-78.5458,-0.0769],[-78.5451,-0.0793],[-78.5462,-0.0829],[-78.5456,-0.0845],[-78.5481,-0.0878],[-78.552,-0.0909],[-78.5555,-0.0915],[-78.5545,-0.0932],[-78.5563,-0.0955],[-78.5566,-0.0979],[-78.5584,-0.1007],[-78.5578,-0.1056],[-78.5582,-0.1076],[-78.5564,-0.1119],[-78.5572,-0.1177],[-78.5601,-0.1248],[-78.5617,-0.1273],[-78.5617,-0.1333],[-78.5628,-0.1343],[-78.5614,-0.1394],[-78.5629,-0.1476],[-78.5611,-0.1496],[-78.5617,-0.1532],[-78.5653,-0.1548],[-78.5683,-0.1591],[-78.5668,-0.1625],[-78.5662,-0.1633],[-78.5603,-0.1604],[-78.5568,-0.1601],[-78.5534,-0.1591],[-78.5499,-0.1537],[-78.5485,-0.1527],[-78.5441,-0.1452],[-78.5408,-0.1368],[-78.5379,-0.1342],[-78.535,-0.1329],[-78.5305,-0.1297],[-78.5281,-0.1288],[-78.5224,-0.129],[-78.5206,-0.1275],[-78.5161,-0.1252],[-78.5144,-0.1215],[-78.5111,-0.1193],[-78.5064,-0.1176],[-78.5035,-0.1079],[-78.4997,-0.1056],[-78.5006,-0.1032],[-78.4974,-0.1025],[-78.4958,-0.1019],[-78.4944,-0.1033],[-78.4914,-0.1021],[-78.4907,-0.1015],[-78.4879,-0.0918],[-78.4877,-0.0895],[-78.4859,-0.0873],[-78.4814,-0.0795],[-78.4799,-0.0749],[-78.4787,-0.0736],[-78.482,-0.07],[-78.4818,-0.0679],[-78.4846,-0.0672],[-78.4895,-0.0645],[-78.4897,-0.0623],[-78.4871,-0.0575],[-78.4876,-0.0521],[-78.4895,-0.05],[-78.4923,-0.0496]]]},"properties":{"dpa_parroq":"1700607160","dpa_despar":"EL CONDADO","dpa_canton":"1701","dpa_descan":"QUITO","dpa_provin":"17","dpa_despro":"PICHINCHA","estado":"URBANA","nombres_cne":"EL CONDADO"}},{"type":"Feature","geometry":{"type":"Polygon","coordinates":[[[-78.5464,-0.3105],[-78.551,-0.3098],[-78.5521,-0.3103],[-78.5578,-0.3095],[-78.5589,-0.3101],[-78.5583,-0.3151],[-78.562,-0.3158],[-78.5628,-0.3139],[-78.567,-0.3157],[-78.571,-0.3254],[-78.5719,-0.326],[-78.5736,-0.3298],[-78.5781,-0.3326],[-78.5798,-0.3316],[-78.5821,-0.3334],[-78.5832,-0.3354],[-78.5864,-0.3349],[-78.5896,-0.336],[-78.5902,-0.3372],[-78.5964,-0.339],[-78.5967,-0.3423],[-78.5979,-0.3446],[-78.5975,-0.3489],[-78.5992,-0.3511],[-78.5972,-0.3516],[-78.5935,-0.3515],[-78.5879,-0.3543],[-78.5851,-0.355],[-78.5808,-0.354],[-78.5758,-0.3547],[-78.5732,-0.3544],[-78.5721,-0.3559],[-78.5673,-0.3567],[-78.5616,-0.359],[-78.5577,-0.3558],[-78.5491,-0.3602],[-78.5494,-0.3507],[-78.5487,-0.3476],[-78.5488,-0.3431],[-78.5503,-0.3347],[-78.5506,-0.3306],[-78.5503,-0.3245],[-78.5482,-0.3134],[-78.5464,-0.3105]]]},"properties":{"dpa_parroq":"1700607165","dpa_despar":"GUAMANI","dpa_canton":"1701","dpa_descan":"QUITO","dpa_provin":"17","dpa_despro":"PICHINCHA","estado":"URBANA","nombres_cne":"GUAMANI"}},{"type":"Feature","geometry":{"type":"Polygon","coordinates":[[[-78.4522,-0.1611],[-78.4546,-0.1608],[-78.4594,-0.1626],[-78.4619,-0.1621],[-78.467,-0.1656],[-78.4699,-0.1665],[-78.4728,-0.1684],[-78.4763,-0.1693],[-78.4762,-0.1709],[-78.4864,-0.1689],[-78.487,-0.1684],[-78.4891,-0.179],[-78.4904,-0.1835],[-78.4914,-0.1869],[-78.495,-0.1958],[-78.4843,-0.1987],[-78.4865,-0.2021],[-78.4829,-0.2036],[-78.4803,-0.202],[-78.4801,-0.2007],[-78.479,-0.1999],[-78.4768,-0.1949],[-78.4774,-0.1923],[-78.4765,-0.1907],[-78.4725,-0.1927],[-78.4708,-0.1925],[-78.4694,-0.1942],[-78.4657,-0.1938],[-78.4618,-0.1922],[-78.4602,-0.1923],[-78.4583,-0.1907],[-78.4565,-0.1915],[-78.4543,-0.1902],[-78.454,-0.1863],[-78.451,-0.1836],[-78.452,-0.1805],[-78.4554,-0.1814],[-78.4557,-0.1798],[-78.4533,-0.1744],[-78.4481,-0.1674],[-78.448,-0.1628],[-78.4524,-0.1621],[-78.4522,-0.1611]]]},"properties":{"dpa_parroq":"1700607170","dpa_despar":"IÑAQUITO","dpa_canton":"1701","dpa_descan":"QUITO","dpa_provin":"17","dpa_despro":"PICHINCHA","estado":"URBANA","nombres_cne":"INAQUITO"}},{"type":"Feature","geometry":{"type":"Polygon","coordinates":[[[-78.4543,-0.1902],[-78.4565,-0.1915],[-78.4583,-0.1907],[-78.4602,-0.1923],[-78.4618,-0.1922],[-78.4657,-0.1938],[-78.4694,-0.1942],[-78.4708,-0.1925],[-78.4725,-0.1927],[-78.4765,-0.1907],[-78.4774,-0.1923],[-78.4768,-0.1949],[-78.479,-0.1999],[-78.4801,-0.2007],[-78.4792,-0.202],[-78.4791,-0.2047],[-78.4811,-0.2099],[-78.4811,-0.2121],[-78.4864,-0.2129],[-78.4915,-0.2125],[-78.4955,-0.2088],[-78.4994,-0.2064],[-78.5011,-0.2111],[-78.5049,-0.2166],[-78.5032,-0.2182],[-78.5047,-0.2258],[-78.5059,-0.2258],[-78.5073,-0.2309],[-78.5094,-0.2304],[-78.5094,-0.2327],[-78.5051,-0.2324],[-78.5032,-0.2336],[-78.5013,-0.231],[-78.499,-0.2303],[-78.4954,-0.2268],[-78.494,-0.224],[-78.4925,-0.2239],[-78.4911,-0.2214],[-78.4894,-0.2209],[-78.4853,-0.2229],[-78.4828,-0.2215],[-78.4807,-0.2189],[-78.4777,-0.2203],[-78.4669,-0.2203],[-78.4661,-0.2174],[-78.463,-0.2186],[-78.4605,-0.2186],[-78.4584,-0.2198],[-78.4574,-0.2162],[-78.4569,-0.2074],[-78.4561,-0.2063],[-78.4556,-0.2015],[-78.4557,-0.1962],[-78.4548,-0.1956],[-78.4572,-0.1938],[-78.4548,-0.1924],[-78.4543,-0.1902]]]},"properties":{"dpa_parroq":"1700607175","dpa_despar":"ITCHIMBIA","dpa_canton":"1701","dpa_descan":"QUITO","dpa_provin":"17","dpa_despro":"PICHINCHA","estado":"URBANA","nombres_cne":"ITCHIMBIA"}},{"type":"Feature","geometry":{"type":"Polygon","coordinates":[[[-78.4411,-0.1525],[-78.4431,-0.1519],[-78.4459,-0.1492],[-78.4485,-0.148],[-78.4503,-0.1487],[-78.4548,-0.1488],[-78.4586,-0.1503],[-78.4644,-0.1506],[-78.464,-0.1518],[-78.4657,-0.1543],[-78.4675,-0.1538],[-78.4775,-0.1546],[-78.4856,-0.1602],[-78.487,-0.1684],[-78.4864,-0.1689],[-78.4762,-0.1709],[-78.4763,-0.1693],[-78.4728,-0.1684],[-78.4699,-0.1665],[-78.467,-0.1656],[-78.4619,-0.1621],[-78.4594,-0.1626],[-78.4546,-0.1608],[-78.4522,-0.1611],[-78.4494,-0.159],[-78.4504,-0.1576],[-78.4481,-0.1563],[-78.4451,-0.1566],[-78.4427,-0.1551],[-78.4411,-0.1525]]]},"properties":{"dpa_parroq":"1700607180","dpa_despar":"JIPIJAPA","dpa_canton":"1701","dpa_descan":"QUITO","dpa_provin":"17","dpa_despro":"PICHINCHA","estado":"URBANA","nombres_cne":"JIPIJAPA"}},{"type":"Feature","geometry":{"type":"Polygon","coordinates":[[[-78.4714,-0.1273],[-78.473,-0.1269],[-78.4755,-0.1211],[-78.4801,-0.1202],[-78.4808,-0.1263],[-78.4829,-0.126],[-78.4863,-0.1237],[-78.4901,-0.123],[-78.4892,-0.1277],[-78.4881,-0.1283],[-78.4881,-0.1331],[-78.487,-0.1389],[-78.4857,-0.1409],[-78.4838,-0.1476],[-78.4856,-0.1602],[-78.4775,-0.1546],[-78.4675,-0.1538],[-78.4657,-0.1543],[-78.464,-0.1518],[-78.4676,-0.1494],[-78.4693,-0.1475],[-78.4702,-0.1414],[-78.47,-0.1374],[-78.4714,-0.1273]]]},"properties":{"dpa_parroq":"1700607185","dpa_despar":"KENNEDY","dpa_canton":"1701","dpa_descan":"QUITO","dpa_provin":"17","dpa_despro":"PICHINCHA","estado":"URBANA","nombres_cne":"KENNEDY"}},{"type":"Feature","geometry":{"type":"Polygon","coordinates":[[[-78.5063,-0.2788],[-78.5077,-0.2747],[-78.5102,-0.2726],[-78.5178,-0.2704],[-78.5188,-0.2709],[-78.5241,-0.2691],[-78.5271,-0.2673],[-78.5286,-0.2706],[-78.531,-0.2774],[-78.5367,-0.2854],[-78.5406,-0.2843],[-78.541,-0.2873],[-78.5395,-0.2889],[-78.536,-0.2906],[-78.5335,-0.2931],[-78.5271,-0.2941],[-78.5254,-0.2955],[-78.5186,-0.2972],[-78.5173,-0.2955],[-78.5153,-0.2903],[-78.5131,-0.2904],[-78.5122,-0.2861],[-78.5083,-0.2843],[-78.5063,-0.2788]]]},"properties":{"dpa_parroq":"1700607190","dpa_despar":"LA ARGELIA","dpa_canton":"1701","dpa_descan":"QUITO","dpa_provin":"17","dpa_despro":"PICHINCHA","estado":"URBANA","nombres_cne":"LA ARGELIA"}},{"type":"Feature","geometry":{"type":"Polygon","coordinates":[[[-78.4856,-0.1602],[-78.4838,-0.1476],[-78.4857,-0.1409],[-78.487,-0.1389],[-78.4881,-0.1331],[-78.4881,-0.1283],[-78.4892,-0.1277],[-78.4901,-0.123],[-78.4939,-0.1231],[-78.494,-0.1293],[-78.5015,-0.1292],[-78.5021,-0.1237],[-78.5031,-0.1238],[-78.5011,-0.1402],[-78.5004,-0.1432],[-78.4979,-0.1502],[-78.4974,-0.1541],[-78.4923,-0.1548],[-78.4918,-0.1566],[-78.4886,-0.1559],[-78.4874,-0.1615],[-78.4856,-0.1602]]]},"properties":{"dpa_parroq":"1700607195","dpa_despar":"LA CONCEPCION","dpa_canton":"1701","dpa_descan":"QUITO","dpa_provin":"17","dpa_despro":"PICHINCHA","estado":"URBANA","nombres_cne":"LA CONCEPCION"}},{"type":"Feature","geometry":{"type":"Polygon","coordinates":[[[-78.5585,-0.2919],[-78.5617,-0.2911],[-78.5696,-0.292],[-78.5695,-0.2938],[-78.571,-0.2963],[-78.5762,-0.2929],[-78.5777,-0.2897],[-78.5827,-0.2874],[-78.5844,-0.2874],[-78.5864,-0.2857],[-78.5892,-0.2847],[-78.5918,-0.2804],[-78.5939,-0.2802],[-78.5988,-0.2814],[-78.6069,-0.286],[-78.6082,-0.2886],[-78.6084,-0.2976],[-78.6106,-0.2968],[-78.6109,-0.2992],[-78.6093,-0.3045],[-78.6056,-0.3052],[-78.6035,-0.3082],[-78.6004,-0.3103],[-78.6024,-0.314],[-78.6017,-0.3181],[-78.6029,-0.3202],[-78.605,-0.3214],[-78.608,-0.3258],[-78.609,-0.3302],[-78.6118,-0.3351],[-78.6117,-0.3382],[-78.6136,-0.3396],[-78.6162,-0.3458],[-78.6159,-0.347],[-78.6192,-0.3562],[-78.6154,-0.3569],[-78.608,-0.3536],[-78.6064,-0.351],[-78.6023,-0.3507],[-78.5992,-0.3511],[-78.5975,-0.3489],[-78.5979,-0.3446],[-78.5967,-0.3423],[-78.5964,-0.339],[-78.5902,-0.3372],[-78.5896,-0.336],[-78.5864,-0.3349],[-78.5832,-0.3354],[-78.5821,-0.3334],[-78.5798,-0.3316],[-78.5781,-0.3326],[-78.5736,-0.3298],[-78.5719,-0.326],[-78.571,-0.3254],[-78.567,-0.3157],[-78.5628,-0.3139],[-78.562,-0.3158],[-78.5583,-0.3151],[-78.5589,-0.3101],[-78.5594,-0.3066],[-78.5587,-0.2996],[-78.559,-0.2949],[-78.5585,-0.2919]]]},"properties":{"dpa_parroq":"1700607200","dpa_despar":"LA ECUATORIANA","dpa_canton":"1701","dpa_descan":"QUITO","dpa_provin":"17","dpa_despro":"PICHINCHA","estado":"URBANA","nombres_cne":"LA ECUATORIANA"}},{"type":"Feature","geometry":{"type":"Polygon","coordinates":[[[-78.5005,-0.2533],[-78.5011,-0.2512],[-78.5028,-0.2498],[-78.5014,-0.2471],[-78.5007,-0.2434],[-78.5062,-0.2381],[-78.5068,-0.2416],[-78.5061,-0.2447],[-78.507,-0.2474],[-78.5147,-0.252],[-78.5168,-0.2508],[-78.5215,-0.2542],[-78.5221,-0.2537],[-78.5223,-0.2543],[-78.5228,-0.2598],[-78.5246,-0.2636],[-78.5271,-0.2673],[-78.5241,-0.2691],[-78.5188,-0.2709],[-78.5178,-0.2704],[-78.5102,-0.2726],[-78.5077,-0.2747],[-78.5063,-0.2788],[-78.5047,-0.2782],[-78.5046,-0.2739],[-78.5052,-0.2709],[-78.5042,-0.2655],[-78.5029,-0.264],[-78.5009,-0.2588],[-78.4985,-0.2563],[-78.5005,-0.2533]]]},"properties":{"dpa_parroq":"1700607205","dpa_despar":"LA FERROVIARIA","dpa_canton":"1701","dpa_descan":"QUITO","dpa_provin":"17","dpa_despro":"PICHINCHA","estado":"URBANA","nombres_cne":"LA FERROVIARIA"}},{"type":"Feature","geometry":{"type":"Polygon","coordinates":[[[-78.5215,-0.2184],[-78.5244,-0.215],[-78.5259,-0.2143],[-78.5315,-0.2158],[-78.5353,-0.2139],[-78.5399,-0.2142],[-78.5392,-0.2159],[-78.5348,-0.2193],[-78.533,-0.2228],[-78.5346,-0.2273],[-78.5321,-0.2332],[-78.5302,-0.2334],[-78.5291,-0.2308],[-78.5253,-0.2348],[-78.5238,-0.2316],[-78.5224,-0.2274],[-78.5238,-0.2264],[-78.5228,-0.2212],[-78.5215,-0.2184]]]},"properties":{"dpa_parroq":"1700605535","dpa_despar":"LA LIBERTAD","dpa_canton":"1701","dpa_descan":"QUITO","dpa_provin":"17","dpa_despro":"PICHINCHA","estado":"URBANA","nombres_cne":"LA LIBERTAD"}},{"type":"Feature","geometry":{"type":"Polygon","coordinates":[[[-78.5143,-0.2342],[-78.5183,-0.236],[-78.5213,-0.2362],[-78.5235,-0.2344],[-78.5238,-0.2316],[-78.5253,-0.2348],[-78.5301,-0.2389],[-78.5321,-0.2415],[-78.5347,-0.2469],[-78.5365,-0.2492],[-78.5338,-0.2506],[-78.5307,-0.2497],[-78.5298,-0.2524],[-78.5265,-0.252],[-78.5238,-0.2544],[-78.5223,-0.2543],[-78.5221,-0.2537],[-78.5188,-0.2442],[-78.5143,-0.2342]]]},"properties":{"dpa_parroq":"1700605540","dpa_despar":"LA MAGDALENA","dpa_canton":"1701","dpa_descan":"QUITO","dpa_provin":"17","dpa_despro":"PICHINCHA","estado":"URBANA","nombres_cne":"LA MAGDALENA"}},{"type":"Feature","geometry":{"type":"Polygon","coordinates":[[[-78.5419,-0.2559],[-78.5447,-0.2545],[-78.5472,-0.2477],[-78.5496,-0.2456],[-78.5513,-0.2361],[-78.5536,-0.2281],[-78.5535,-0.2228],[-78.5547,-0.2208],[-78.5553,-0.2218],[-78.557,-0.2311],[-78.5569,-0.235],[-78.5588,-0.2381],[-78.5642,-0.2401],[-78.5657,-0.2436],[-78.5685,-0.2451],[-78.5695,-0.2471],[-78.569,-0.2531],[-78.5666,-0.2594],[-78.5637,-0.2632],[-78.565,-0.2651],[-78.5634,-0.268],[-78.5588,-0.2721],[-78.5524,-0.2765],[-78.5525,-0.2749],[-78.5511,-0.2665],[-78.5481,-0.2623],[-78.5459,-0.2604],[-78.5419,-0.2559]]]},"properties":{"dpa_parroq":"1700607210","dpa_despar":"LA MENA","dpa_canton":"1701","dpa_descan":"QUITO","dpa_provin":"17","dpa_despro":"PICHINCHA","estado":"URBANA","nombres_cne":"LA MENA"}},{"type":"Feature","geometry":{"type":"Polygon","coordinates":[[[-78.4801,-0.2007],[-78.4803,-0.202],[-78.4829,-0.2036],[-78.4865,-0.2021],[-78.4843,-0.1987],[-78.495,-0.1958],[-78.4994,-0.2064],[-78.4955,-0.2088],[-78.4915,-0.2125],[-78.4864,-0.2129],[-78.4811,-0.2121],[-78.4811,-0.2099],[-78.4791,-0.2047],[-78.4792,-0.202],[-78.4801,-0.2007]]]},"properties":{"dpa_parroq":"1700607215","dpa_despar":"MARISCAL SUCRE","dpa_canton":"1701","dpa_descan":"QUITO","dpa_provin":"17","dpa_despro":"PICHINCHA","estado":"URBANA","nombres_cne":"MARISCAL SUCRE"}},{"type":"Feature","geometry":{"type":"Polygon","coordinates":[[[-78.4676,-0.0962],[-78.4704,-0.0947],[-78.4715,-0.0925],[-78.4743,-0.0909],[-78.4764,-0.0912],[-78.4795,-0.0933],[-78.4837,-0.0951],[-78.485,-0.0976],[-78.4876,-0.0963],[-78.4873,-0.1002],[-78.4882,-0.1028],[-78.4914,-0.1021],[-78.4944,-0.1033],[-78.4958,-0.1019],[-78.4974,-0.1025],[-78.4974,-0.1063],[-78.4982,-0.1071],[-78.4948,-0.1129],[-78.4939,-0.1231],[-78.4901,-0.123],[-78.4863,-0.1237],[-78.4829,-0.126],[-78.4808,-0.1263],[-78.4801,-0.1202],[-78.4788,-0.1106],[-78.4781,-0.1089],[-78.4737,-0.1028],[-78.4712,-0.1049],[-78.469,-0.1022],[-78.4701,-0.0982],[-78.4676,-0.0962]]]},"properties":{"dpa_parroq":"1700607220","dpa_despar":"PONCEANO","dpa_canton":"1701","dpa_descan":"QUITO","dpa_provin":"17","dpa_despro":"PICHINCHA","estado":"URBANA","nombres_cne":"PONCEANO"}},{"type":"Feature","geometry":{"type":"Polygon","coordinates":[[[-78.4584,-0.2198],[-78.4605,-0.2186],[-78.463,-0.2186],[-78.4661,-0.2174],[-78.4669,-0.2203],[-78.4777,-0.2203],[-78.4807,-0.2189],[-78.4828,-0.2215],[-78.4853,-0.2229],[-78.4894,-0.2209],[-78.4911,-0.2214],[-78.4925,-0.2239],[-78.494,-0.224],[-78.4954,-0.2268],[-78.499,-0.2303],[-78.5013,-0.231],[-78.5032,-0.2336],[-78.5051,-0.2324],[-78.506,-0.2344],[-78.5062,-0.2381],[-78.5007,-0.2434],[-78.5014,-0.2471],[-78.5028,-0.2498],[-78.5011,-0.2512],[-78.5005,-0.2533],[-78.4956,-0.2555],[-78.4937,-0.2558],[-78.4912,-0.258],[-78.4876,-0.2558],[-78.4841,-0.2549],[-78.4802,-0.2497],[-78.4775,-0.2494],[-78.4769,-0.2483],[-78.4743,-0.2491],[-78.4708,-0.2488],[-78.4667,-0.2514],[-78.464,-0.2512],[-78.4614,-0.2558],[-78.4561,-0.2574],[-78.4528,-0.2553],[-78.4531,-0.2509],[-78.4514,-0.2504],[-78.4522,-0.2468],[-78.4477,-0.2442],[-78.4459,-0.2422],[-78.4467,-0.2407],[-78.444,-0.2396],[-78.444,-0.237],[-78.4478,-0.2361],[-78.4506,-0.2386],[-78.4543,-0.2393],[-78.4584,-0.2374],[-78.4597,-0.2356],[-78.4635,-0.2324],[-78.4605,-0.2311],[-78.459,-0.2314],[-78.4576,-0.2281],[-78.4548,-0.2263],[-78.4541,-0.2239],[-78.4552,-0.2223],[-78.4584,-0.2198]]]},"properties":{"dpa_parroq":"1700607225","dpa_despar":"PUENGASI","dpa_canton":"1701","dpa_descan":"QUITO","dpa_provin":"17","dpa_despro":"PICHINCHA","estado":"URBANA","nombres_cne":"PUENGASI"}},{"type":"Feature","geometry":{"type":"Polygon","coordinates":[[[-78.541,-0.2873],[-78.5432,-0.2827],[-78.5528,-0.2792],[-78.5585,-0.2919],[-78.559,-0.2949],[-78.5587,-0.2996],[-78.5594,-0.3066],[-78.5589,-0.3101],[-78.5578,-0.3095],[-78.5521,-0.3103],[-78.551,-0.3098],[-78.5464,-0.3105],[-78.544,-0.3121],[-78.5351,-0.3135],[-78.5347,-0.3157],[-78.531,-0.3191],[-78.5293,-0.3186],[-78.5282,-0.3145],[-78.5248,-0.3187],[-78.5239,-0.3185],[-78.521,-0.3217],[-78.5205,-0.3255],[-78.5156,-0.3266],[-78.5139,-0.3277],[-78.5134,-0.3297],[-78.513,-0.3278],[-78.5149,-0.3214],[-78.5171,-0.3168],[-78.5168,-0.3139],[-78.5184,-0.3111],[-78.5184,-0.3076],[-78.5169,-0.3053],[-78.5172,-0.3035],[-78.5157,-0.3012],[-78.5141,-0.2935],[-78.5131,-0.2904],[-78.5153,-0.2903],[-78.5173,-0.2955],[-78.5186,-0.2972],[-78.5254,-0.2955],[-78.5271,-0.2941],[-78.5335,-0.2931],[-78.536,-0.2906],[-78.5395,-0.2889],[-78.541,-0.2873]]]},"properties":{"dpa_parroq":"1700607230","dpa_despar":"QUITUMBE","dpa_canton":"1701","dpa_descan":"QUITO","dpa_provin":"17","dpa_despro":"PICHINCHA","estado":"URBANA","nombres_cne":"QUITUMBE"}},{"type":"Feature","geometry":{"type":"Polygon","coordinates":[[[-78.4856,-0.1602],[-78.4874,-0.1615],[-78.4886,-0.1559],[-78.4918,-0.1566],[-78.4923,-0.1548],[-78.4974,-0.1541],[-78.4969,-0.1604],[-78.5033,-0.1609],[-78.5028,-0.1638],[-78.4986,-0.1635],[-78.499,-0.167],[-78.5044,-0.167],[-78.5106,-0.1673],[-78.5123,-0.1687],[-78.5174,-0.1712],[-78.5179,-0.1692],[-78.5253,-0.1677],[-78.5257,-0.1663],[-78.5311,-0.1645],[-78.5373,-0.1639],[-78.5415,-0.166],[-78.5446,-0.1637],[-78.5494,-0.1634],[-78.5555,-0.1655],[-78.552,-0.1681],[-78.5494,-0.169],[-78.5474,-0.1685],[-78.5412,-0.1719],[-78.5376,-0.1723],[-78.5336,-0.1734],[-78.5306,-0.1759],[-78.5274,-0.1769],[-78.5254,-0.1763],[-78.5199,-0.1783],[-78.5179,-0.1783],[-78.5146,-0.1799],[-78.5129,-0.1759],[-78.5084,-0.1774],[-78.5085,-0.1822],[-78.5051,-0.1814],[-78.5029,-0.1838],[-78.5014,-0.1839],[-78.4954,-0.1864],[-78.4904,-0.1835],[-78.4891,-0.179],[-78.487,-0.1684],[-78.4856,-0.1602]]]},"properties":{"dpa_parroq":"1700607235","dpa_despar":"RUMIPAMBA","dpa_canton":"1701","dpa_descan":"QUITO","dpa_provin":"17","dpa_despro":"PICHINCHA","estado":"URBANA","nombres_cne":"RUMIPAMBA"}},{"type":"Feature","geometry":{"type":"Polygon","coordinates":[[[-78.5223,-0.2543],[-78.5238,-0.2544],[-78.5265,-0.252],[-78.5298,-0.2524],[-78.5307,-0.2497],[-78.5338,-0.2506],[-78.5365,-0.2492],[-78.5419,-0.2559],[-78.5459,-0.2604],[-78.5481,-0.2623],[-78.5511,-0.2665],[-78.5451,-0.266],[-78.5411,-0.2648],[-78.538,-0.2627],[-78.5334,-0.268],[-78.5295,-0.2693],[-78.5286,-0.2706],[-78.5271,-0.2673],[-78.5246,-0.2636],[-78.5228,-0.2598],[-78.5223,-0.2543]]]},"properties":{"dpa_parroq":"1700607240","dpa_despar":"SAN BARTOLO","dpa_canton":"1701","dpa_descan":"QUITO","dpa_provin":"17","dpa_despro":"PICHINCHA","estado":"URBANA","nombres_cne":"SAN BARTOLO"}},{"type":"Feature","geometry":{"type":"Polygon","coordinates":[[[-78.4468,-0.1402],[-78.4478,-0.1393],[-78.4511,-0.1403],[-78.4511,-0.1259],[-78.4557,-0.1276],[-78.459,-0.1229],[-78.4616,-0.1232],[-78.4641,-0.1273],[-78.4673,-0.126],[-78.4695,-0.1275],[-78.4714,-0.1273],[-78.47,-0.1374],[-78.4702,-0.1414],[-78.4693,-0.1475],[-78.4676,-0.1494],[-78.464,-0.1518],[-78.4644,-0.1506],[-78.4586,-0.1503],[-78.4548,-0.1488],[-78.4503,-0.1487],[-78.4485,-0.148],[-78.4468,-0.148],[-78.4468,-0.1402]]]},"properties":{"dpa_parroq":"1700607245","dpa_despar":"SAN ISIDRO DEL INCA","dpa_canton":"1701","dpa_descan":"QUITO","dpa_provin":"17","dpa_despro":"PICHINCHA","estado":"URBANA","nombres_cne":"SAN ISIDRO DEL INCA"}},{"type":"Feature","geometry":{"type":"Polygon","coordinates":[[[-78.4994,-0.2064],[-78.5014,-0.2023],[-78.5043,-0.2029],[-78.5066,-0.2048],[-78.5109,-0.2063],[-78.5106,-0.2037],[-78.5119,-0.1993],[-78.5151,-0.1978],[-78.5171,-0.1977],[-78.5201,-0.1959],[-78.525,-0.1951],[-78.5298,-0.1929],[-78.5355,-0.1919],[-78.5373,-0.1883],[-78.5412,-0.1839],[-78.5442,-0.1819],[-78.5475,-0.1807],[-78.5511,-0.1772],[-78.5563,-0.176],[-78.5603,-0.1713],[-78.5627,-0.1668],[-78.5664,-0.1647],[-78.5671,-0.1654],[-78.5679,-0.1711],[-78.5649,-0.177],[-78.5668,-0.1832],[-78.5662,-0.1881],[-78.5631,-0.1954],[-78.5602,-0.1994],[-78.5595,-0.2023],[-78.5574,-0.2043],[-78.553,-0.2063],[-78.5512,-0.2087],[-78.5515,-0.2124],[-78.5491,-0.2131],[-78.548,-0.2144],[-78.5462,-0.2137],[-78.5423,-0.2138],[-78.5392,-0.2159],[-78.5399,-0.2142],[-78.5353,-0.2139],[-78.5315,-0.2158],[-78.5259,-0.2143],[-78.5244,-0.215],[-78.5215,-0.2184],[-78.5203,-0.22],[-78.5171,-0.2173],[-78.5133,-0.2155],[-78.5092,-0.2186],[-78.5061,-0.215],[-78.5049,-0.2166],[-78.5011,-0.2111],[-78.4994,-0.2064]]]},"properties":{"dpa_parroq":"1700607250","dpa_despar":"SAN JUAN","dpa_canton":"1701","dpa_descan":"QUITO","dpa_provin":"17","dpa_despro":"PICHINCHA","estado":"URBANA","nombres_cne":"SAN JUAN"}},{"type":"Feature","geometry":{"type":"Polygon","coordinates":[[[-78.5286,-0.2706],[-78.5295,-0.2693],[-78.5334,-0.268],[-78.538,-0.2627],[-78.5411,-0.2648],[-78.5451,-0.266],[-78.5511,-0.2665],[-78.5525,-0.2749],[-78.5524,-0.2765],[-78.5528,-0.2792],[-78.5432,-0.2827],[-78.541,-0.2873],[-78.5406,-0.2843],[-78.5367,-0.2854],[-78.531,-0.2774],[-78.5286,-0.2706]]]},"properties":{"dpa_parroq":"1700607255","dpa_despar":"SOLANDA","dpa_canton":"1701","dpa_descan":"QUITO","dpa_provin":"17","dpa_despro":"PICHINCHA","estado":"URBANA","nombres_cne":"SOLANDA"}},{"type":"Feature","geometry":{"type":"Polygon","coordinates":[[[-78.5134,-0.3297],[-78.5139,-0.3277],[-78.5156,-0.3266],[-78.5205,-0.3255],[-78.521,-0.3217],[-78.5239,-0.3185],[-78.5248,-0.3187],[-78.5282,-0.3145],[-78.5293,-0.3186],[-78.531,-0.3191],[-78.5347,-0.3157],[-78.5351,-0.3135],[-78.544,-0.3121],[-78.5464,-0.3105],[-78.5482,-0.3134],[-78.5503,-0.3245],[-78.5506,-0.3306],[-78.5503,-0.3347],[-78.5488,-0.3431],[-78.5487,-0.3476],[-78.5494,-0.3507],[-78.5491,-0.3602],[-78.5466,-0.3603],[-78.545,-0.3623],[-78.5408,-0.3612],[-78.5366,-0.3584],[-78.5355,-0.3593],[-78.5317,-0.3595],[-78.5283,-0.3623],[-78.5255,-0.3653],[-78.5208,-0.3662],[-78.5208,-0.3629],[-78.5163,-0.3606],[-78.5148,-0.3571],[-78.5137,-0.3561],[-78.511,-0.3491],[-78.5087,-0.342],[-78.5089,-0.3394],[-78.5061,-0.3402],[-78.5047,-0.3353],[-78.504,-0.3271],[-78.5043,-0.3258],[-78.506,-0.3285],[-78.509,-0.3276],[-78.5113,-0.3293],[-78.5134,-0.3297]]]},"properties":{"dpa_parroq":"1700607260","dpa_despar":"TURUBAMBA","dpa_canton":"1701","dpa_descan":"QUITO","dpa_provin":"17","dpa_despro":"PICHINCHA","estado":"URBANA","nombres_cne":"TURUBAMBA"}},{"type":"Feature","geometry":{"type":"Polygon","coordinates":[[[-78.4054,-0.3223],[-78.4056,-0.3137],[-78.4125,-0.3005],[-78.4221,-0.2939],[-78.4078,-0.286],[-78.4144,-0.2767],[-78.4188,-0.264],[-78.4195,-0.2625],[-78.4348,-0.2632],[-78.4482,-0.2709],[-78.4503,-0.2789],[-78.463,-0.2908],[-78.459,-0.2977],[-78.4563,-0.2991],[-78.4557,-0.3008],[-78.4528,-0.3023],[-78.4525,-0.3035],[-78.4448,-0.3088],[-78.4418,-0.3098],[-78.4396,-0.3115],[-78.4382,-0.3138],[-78.4352,-0.3154],[-78.4336,-0.3152],[-78.4315,-0.3185],[-78.4302,-0.3215],[-78.4262,-0.3225],[-78.4242,-0.3247],[-78.4239,-0.3269],[-78.4202,-0.3277],[-78.4191,-0.3302],[-78.404,-0.3359],[-78.4016,-0.3275],[-78.4054,-0.3223]]]},"properties":{"dpa_parroq":"1700600030","dpa_despar":"ALANGASI","dpa_canton":"1701","dpa_descan":"QUITO","dpa_provin":"17","dpa_despro":"PICHINCHA","estado":"RURAL","nombres_cne":"ALANGASI"}},{"type":"Feature","geometry":{"type":"Polygon","coordinates":[[[-78.4763,-0.3263],[-78.4992,-0.3199],[-78.5043,-0.3258],[-78.504,-0.3271],[-78.5047,-0.3353],[-78.5061,-0.3402],[-78.5089,-0.3394],[-78.5087,-0.342],[-78.511,-0.3491],[-78.5137,-0.3561],[-78.5148,-0.3571],[-78.5163,-0.3606],[-78.5208,-0.3629],[-78.5208,-0.3662],[-78.5085,-0.3656],[-78.5119,-0.3784],[-78.5214,-0.3976],[-78.5096,-0.4088],[-78.5034,-0.4237],[-78.4967,-0.4307],[-78.4946,-0.4429],[-78.48,-0.457],[-78.4711,-0.4475],[-78.4767,-0.4371],[-78.477,-0.4275],[-78.4719,-0.4156],[-78.4744,-0.4056],[-78.4648,-0.3797],[-78.4693,-0.3792],[-78.4708,-0.3781],[-78.4706,-0.3742],[-78.4727,-0.3725],[-78.47,-0.3682],[-78.4755,-0.3659],[-78.4744,-0.3646],[-78.4748,-0.3619],[-78.4728,-0.3583],[-78.4735,-0.3559],[-78.4721,-0.3551],[-78.4706,-0.3513],[-78.4689,-0.3491],[-78.4675,-0.3494],[-78.4637,-0.3453],[-78.472,-0.3412],[-78.4717,-0.3401],[-78.4731,-0.337],[-78.4747,-0.3361],[-78.48,-0.3347],[-78.4763,-0.3263]]]},"properties":{"dpa_parroq":"1700600080","dpa_despar":"AMAGUAÑA","dpa_canton":"1701","dpa_descan":"QUITO","dpa_provin":"17","dpa_despro":"PICHINCHA","estado":"RURAL","nombres_cne":"AMAGUANA"}},{"type":"Feature","geometry":{"type":"Polygon","coordinates":[[[-78.3279,0.1912],[-78.3393,0.2039],[-78.3432,0.1914],[-78.355,0.1749],[-78.3734,0.1591],[-78.3813,0.157],[-78.3893,0.161],[-78.3958,0.1567],[-78.3997,0.1444],[-78.4099,0.14],[-78.3967,0.1327],[-78.3752,0.124],[-78.3729,0.1115],[-78.363,0.1176],[-78.3435,0.1238],[-78.3426,0.1108],[-78.3335,0.1048],[-78.3202,0.1108],[-78.3014,0.1148],[-78.309,0.1292],[-78.3079,0.1388],[-78.3007,0.1483],[-78.301,0.1545],[-78.3022,0.1557],[-78.2994,0.1604],[-78.2972,0.1611],[-78.2977,0.164],[-78.299,0.1638],[-78.3013,0.1655],[-78.3001,0.1675],[-78.3012,0.1704],[-78.3,0.1726],[-78.303,0.1755],[-78.3053,0.1767],[-78.3055,0.1802],[-78.3069,0.183],[-78.3096,0.1838],[-78.3105,0.1851],[-78.3145,0.187],[-78.3186,0.188],[-78.3212,0.1878],[-78.3235,0.1904],[-78.3279,0.1912]]]},"properties":{"dpa_parroq":"1700600195","dpa_despar":"ATAHUALPA / HABASPAMBA","dpa_canton":"1701","dpa_descan":"QUITO","dpa_provin":"17","dpa_despro":"PICHINCHA","estado":"RURAL","nombres_cne":"ATAHUALPA HABASPAMBA"}},{"type":"Feature","geometry":{"type":"Polygon","coordinates":[[[-78.4639,0.1319],[-78.4746,0.1357],[-78.482,0.124],[-78.5035,0.11],[-78.5205,0.1202],[-78.5208,0.1277],[-78.5281,0.1303],[-78.5376,0.1439],[-78.5366,0.1479],[-78.5501,0.1544],[-78.5598,0.1557],[-78.554,0.1344],[-78.5595,0.1214],[-78.5516,0.1145],[-78.5493,0.1049],[-78.551,0.092],[-78.5483,0.0689],[-78.5514,0.0615],[-78.5671,0.0577],[-78.5736,0.0485],[-78.5919,0.0459],[-78.5966,0.0335],[-78.6082,0.026],[-78.5947,0.0139],[-78.5824,-0.0093],[-78.5575,-0.0123],[-78.5431,-0.0223],[-78.5368,-0.0224],[-78.5241,-0.0354],[-78.5108,-0.0375],[-78.4984,-0.0466],[-78.4902,-0.0488],[-78.4845,-0.0474],[-78.4778,-0.0327],[-78.4753,-0.0212],[-78.4805,-0.0071],[-78.491,-0.0022],[-78.4855,0.0107],[-78.4787,0.0162],[-78.4833,0.0255],[-78.4677,0.0403],[-78.4667,0.0481],[-78.4721,0.0553],[-78.4849,0.0635],[-78.4823,0.0732],[-78.4754,0.0789],[-78.4681,0.1054],[-78.4616,0.1143],[-78.4639,0.1319]]]},"properties":{"dpa_parroq":"1700600430","dpa_despar":"CALACALI","dpa_canton":"1701","dpa_descan":"QUITO","dpa_provin":"17","dpa_despro":"PICHINCHA","estado":"RURAL","nombres_cne":"CALACALI"}},{"type":"Feature","geometry":{"type":"Polygon","coordinates":[[[-78.3976,-0.0298],[-78.408,-0.0321],[-78.4192,-0.0423],[-78.4268,-0.0295],[-78.4344,-0.0402],[-78.4378,-0.0618],[-78.4526,-0.0564],[-78.4543,-0.0707],[-78.4516,-0.0732],[-78.4505,-0.0767],[-78.4514,-0.0782],[-78.451,-0.0817],[-78.4541,-0.0883],[-78.4564,-0.0914],[-78.4552,-0.0983],[-78.4565,-0.1039],[-78.459,-0.1069],[-78.4615,-0.1081],[-78.4603,-0.1096],[-78.4599,-0.1143],[-78.4574,-0.1142],[-78.4504,-0.1197],[-78.4494,-0.121],[-78.4364,-0.124],[-78.4286,-0.1308],[-78.4185,-0.1314],[-78.4081,-0.1368],[-78.391,-0.1313],[-78.3817,-0.128],[-78.3754,-0.1198],[-78.3743,-0.1153],[-78.3865,-0.1023],[-78.3844,-0.097],[-78.3824,-0.0828],[-78.3742,-0.0651],[-78.3855,-0.0616],[-78.3894,-0.0523],[-78.3883,-0.039],[-78.3976,-0.0298]]]},"properties":{"dpa_parroq":"1700600440","dpa_despar":"CALDERON","dpa_canton":"1701","dpa_descan":"QUITO","dpa_provin":"17","dpa_despro":"PICHINCHA","estado":"RURAL","nombres_cne":"CALDERON"}},{"type":"Feature","geometry":{"type":"Polygon","coordinates":[[[-78.4561,-0.2574],[-78.4614,-0.2558],[-78.464,-0.2512],[-78.4667,-0.2514],[-78.4708,-0.2488],[-78.4743,-0.2491],[-78.4769,-0.2483],[-78.4775,-0.2494],[-78.4802,-0.2497],[-78.4841,-0.2549],[-78.4876,-0.2558],[-78.4912,-0.258],[-78.4937,-0.2558],[-78.4956,-0.2555],[-78.5005,-0.2533],[-78.4985,-0.2563],[-78.5009,-0.2588],[-78.5029,-0.264],[-78.5042,-0.2655],[-78.5052,-0.2709],[-78.5046,-0.2739],[-78.5047,-0.2782],[-78.5063,-0.2788],[-78.5083,-0.2843],[-78.5122,-0.2861],[-78.5131,-0.2904],[-78.5141,-0.2935],[-78.5157,-0.3012],[-78.5172,-0.3035],[-78.5169,-0.3053],[-78.5184,-0.3076],[-78.5184,-0.3111],[-78.5168,-0.3139],[-78.5171,-0.3168],[-78.5149,-0.3214],[-78.513,-0.3278],[-78.5134,-0.3297],[-78.5113,-0.3293],[-78.509,-0.3276],[-78.506,-0.3285],[-78.5043,-0.3258],[-78.4992,-0.3199],[-78.4763,-0.3263],[-78.4687,-0.3292],[-78.4677,-0.3259],[-78.466,-0.3222],[-78.4722,-0.3155],[-78.4694,-0.3149],[-78.4671,-0.3109],[-78.4639,-0.3089],[-78.4625,-0.307],[-78.462,-0.3045],[-78.4623,-0.2989],[-78.4631,-0.2958],[-78.463,-0.2908],[-78.4503,-0.2789],[-78.4482,-0.2709],[-78.4561,-0.2574]]]},"properties":{"dpa_parroq":"1700600625","dpa_despar":"CONOCOTO","dpa_canton":"1701","dpa_descan":"QUITO","dpa_provin":"17","dpa_despro":"PICHINCHA","estado":"RURAL","nombres_cne":"CONOCOTO"}},{"type":"Feature","geometry":{"type":"Polygon","coordinates":[[[-78.4351,-0.2305],[-78.4283,-0.2192],[-78.4224,-0.2189],[-78.4224,-0.2076],[-78.4049,-0.1886],[-78.4086,-0.1794],[-78.4149,-0.1772],[-78.4135,-0.185],[-78.4327,-0.1871],[-78.4426,-0.1947],[-78.4548,-0.1956],[-78.4557,-0.1962],[-78.4556,-0.2015],[-78.4561,-0.2063],[-78.4569,-0.2074],[-78.4574,-0.2162],[-78.4584,-0.2198],[-78.4552,-0.2223],[-78.4541,-0.2239],[-78.4548,-0.2263],[-78.4576,-0.2281],[-78.459,-0.2314],[-78.4605,-0.2311],[-78.4635,-0.2324],[-78.4597,-0.2356],[-78.4584,-0.2374],[-78.4543,-0.2393],[-78.4506,-0.2386],[-78.4478,-0.2361],[-78.444,-0.237],[-78.4351,-0.2305]]]},"properties":{"dpa_parroq":"1700600725","dpa_despar":"CUMBAYA","dpa_canton":"1701","dpa_descan":"QUITO","dpa_provin":"17","dpa_despro":"PICHINCHA","estado":"RURAL","nombres_cne":"CUMBAYA"}},{"type":"Feature","geometry":{"type":"Polygon","coordinates":[[[-78.3729,0.1115],[-78.3752,0.124],[-78.3967,0.1327],[-78.4099,0.14],[-78.4184,0.1339],[-78.4378,0.1298],[-78.416,0.1158],[-78.3955,0.1181],[-78.3909,0.1124],[-78.3826,0.1136],[-78.3729,0.1115]]]},"properties":{"dpa_parroq":"1700600855","dpa_despar":"CHAVEZPAMBA","dpa_canton":"1701","dpa_descan":"QUITO","dpa_provin":"17","dpa_despro":"PICHINCHA","estado":"RURAL","nombres_cne":"CHAVEZPAMBA"}},{"type":"Feature","geometry":{"type":"Polygon","coordinates":[[[-78.1821,-0.1912],[-78.1821,-0.1792],[-78.1894,-0.1792],[-78.1948,-0.1691],[-78.2126,-0.1551],[-78.2327,-0.1475],[-78.2497,-0.1496],[-78.2619,-0.1408],[-78.265,-0.1344],[-78.278,-0.1368],[-78.2883,-0.1316],[-78.3036,-0.1291],[-78.3096,-0.1199],[-78.3174,-0.1151],[-78.3275,-0.104],[-78.3443,-0.1006],[-78.3424,-0.1144],[-78.3365,-0.1221],[-78.33,-0.1497],[-78.3209,-0.1522],[-78.3058,-0.1611],[-78.3027,-0.1726],[-78.2919,-0.1771],[-78.2783,-0.1891],[-78.2733,-0.2009],[-78.2636,-0.1973],[-78.2585,-0.204],[-78.2487,-0.2062],[-78.2312,-0.1979],[-78.2231,-0.1979],[-78.2083,-0.1901],[-78.2011,-0.2096],[-78.1899,-0.1992],[-78.1821,-0.1912]]]},"properties":{"dpa_parroq":"1700600865","dpa_despar":"CHECA","dpa_canton":"1701","dpa_descan":"QUITO","dpa_provin":"17","dpa_despro":"PICHINCHA","estado":"RURAL","nombres_cne":"CHECA"}},{"type":"Feature","geometry":{"type":"Polygon","coordinates":[[[-78.3083,-0.0733],[-78.3127,-0.0685],[-78.3238,-0.0674],[-78.338,-0.0701],[-78.3505,-0.0888],[-78.3443,-0.1006],[-78.3275,-0.104],[-78.3174,-0.1151],[-78.3096,-0.1199],[-78.3036,-0.1291],[-78.2883,-0.1316],[-78.278,-0.1368],[-78.265,-0.1344],[-78.2619,-0.1408],[-78.2497,-0.1496],[-78.2327,-0.1475],[-78.2126,-0.1551],[-78.1948,-0.1691],[-78.1894,-0.1792],[-78.1821,-0.1792],[-78.1821,-0.1912],[-78.1742,-0.1949],[-78.1671,-0.1869],[-78.1661,-0.1741],[-78.1839,-0.1538],[-78.1957,-0.15],[-78.2045,-0.1431],[-78.2299,-0.1335],[-78.2331,-0.1346],[-78.2494,-0.1275],[-78.256,-0.1179],[-78.2369,-0.1153],[-78.2332,-0.1092],[-78.2192,-0.1027],[-78.2129,-0.0878],[-78.2281,-0.0912],[-78.2425,-0.0884],[-78.2595,-0.0991],[-78.2762,-0.098],[-78.2924,-0.0899],[-78.304,-0.0869],[-78.3083,-0.0733]]]},"properties":{"dpa_parroq":"1700603100","dpa_despar":"QUINCHE","dpa_canton":"1701","dpa_descan":"QUITO","dpa_provin":"17","dpa_despro":"PICHINCHA","estado":"RURAL","nombres_cne":"QUINCHE"}},{"type":"Feature","geometry":{"type":"Polygon","coordinates":[[[-78.6993,0.217],[-78.7184,0.2196],[-78.7492,0.2348],[-78.7471,0.2222],[-78.7387,0.2138],[-78.7361,0.1925],[-78.7469,0.1642],[-78.7552,0.1568],[-78.7567,0.142],[-78.7529,0.1399],[-78.7566,0.1279],[-78.7835,0.107],[-78.7841,0.1028],[-78.8038,0.0926],[-78.8084,0.0835],[-78.8324,0.0724],[-78.8378,0.0643],[-78.8546,0.0543],[-78.8509,0.0508],[-78.8442,0.0498],[-78.8438,0.046],[-78.8429,0.0443],[-78.8406,0.0442],[-78.8374,0.0415],[-78.8341,0.0405],[-78.8324,0.0391],[-78.8301,0.0389],[-78.8279,0.0374],[-78.8235,0.0367],[-78.821,0.0382],[-78.8203,0.0358],[-78.8158,0.0356],[-78.8133,0.0349],[-78.8116,0.0356],[-78.8104,0.0329],[-78.8086,0.033],[-78.802,0.0338],[-78.7958,0.0247],[-78.7835,0.0334],[-78.7835,0.0446],[-78.7778,0.0489],[-78.7727,0.0601],[-78.7637,0.0653],[-78.753,0.0668],[-78.7363,0.083],[-78.731,0.1074],[-78.7318,0.1172],[-78.7282,0.1291],[-78.7168,0.1327],[-78.708,0.1473],[-78.7058,0.1551],[-78.7053,0.1767],[-78.6968,0.1977],[-78.6933,0.2139],[-78.6993,0.217]]]},"properties":{"dpa_parroq":"1700601400","dpa_despar":"GUALEA","dpa_canton":"1701","dpa_descan":"QUITO","dpa_provin":"17","dpa_despro":"PICHINCHA","estado":"RURAL","nombres_cne":"GUALEA"}},{"type":"Feature","geometry":{"type":"Polygon","coordinates":[[[-78.4195,-0.2625],[-78.4184,-0.2571],[-78.4255,-0.2443],[-78.4314,-0.2416],[-78.4351,-0.2305],[-78.444,-0.237],[-78.444,-0.2396],[-78.4467,-0.2407],[-78.4459,-0.2422],[-78.4477,-0.2442],[-78.4522,-0.2468],[-78.4514,-0.2504],[-78.4531,-0.2509],[-78.4528,-0.2553],[-78.4561,-0.2574],[-78.4482,-0.2709],[-78.4348,-0.2632],[-78.4195,-0.2625]]]},"properties":{"dpa_parroq":"1700601440","dpa_despar":"GUANGOPOLO","dpa_canton":"1701","dpa_descan":"QUITO","dpa_provin":"17","dpa_despro":"PICHINCHA","estado":"RURAL","nombres_cne":"GUANGOPOLO"}},{"type":"Feature","geometry":{"type":"Polygon","coordinates":[[[-78.3237,-0.0199],[-78.334,-0.0246],[-78.3375,-0.037],[-78.3533,-0.0318],[-78.3582,-0.023],[-78.3672,-0.0288],[-78.3817,-0.0315],[-78.3883,-0.039],[-78.3894,-0.0523],[-78.3855,-0.0616],[-78.3742,-0.0651],[-78.3824,-0.0828],[-78.3844,-0.097],[-78.3808,-0.1014],[-78.3604,-0.0895],[-78.3505,-0.0888],[-78.338,-0.0701],[-78.3238,-0.0674],[-78.3127,-0.0685],[-78.3083,-0.0733],[-78.3106,-0.067],[-78.2953,-0.0548],[-78.2784,-0.0591],[-78.2734,-0.0577],[-78.2809,-0.0538],[-78.2959,-0.0384],[-78.2976,-0.0298],[-78.3075,-0.0298],[-78.3237,-0.0199]]]},"properties":{"dpa_parroq":"1700601475","dpa_despar":"GUAYLLABAMBA","dpa_canton":"1701","dpa_descan":"QUITO","dpa_provin":"17","dpa_despro":"PICHINCHA","estado":"RURAL","nombres_cne":"GUAYLLABAMBA"}},{"type":"Feature","geometry":{"type":"Polygon","coordinates":[[[-78.3639,-0.2662],[-78.3718,-0.2719],[-78.3842,-0.266],[-78.4034,-0.2661],[-78.4089,-0.2622],[-78.4188,-0.264],[-78.4144,-0.2767],[-78.4078,-0.286],[-78.4221,-0.2939],[-78.4125,-0.3005],[-78.4056,-0.3137],[-78.4054,-0.3223],[-78.384,-0.3287],[-78.3726,-0.3227],[-78.3679,-0.3117],[-78.3682,-0.299],[-78.3639,-0.2662]]]},"properties":{"dpa_parroq":"1700602055","dpa_despar":"LA MERCED","dpa_canton":"1701","dpa_descan":"QUITO","dpa_provin":"17","dpa_despro":"PICHINCHA","estado":"RURAL","nombres_cne":"LA MERCED"}},{"type":"Feature","geometry":{"type":"Polygon","coordinates":[[[-78.4494,-0.121],[-78.4505,-0.1215],[-78.4578,-0.1187],[-78.4604,-0.1185],[-78.4616,-0.1232],[-78.459,-0.1229],[-78.4557,-0.1276],[-78.4511,-0.1259],[-78.4511,-0.1403],[-78.4478,-0.1393],[-78.4468,-0.1402],[-78.4352,-0.1458],[-78.4259,-0.1386],[-78.4081,-0.1368],[-78.4185,-0.1314],[-78.4286,-0.1308],[-78.4364,-0.124],[-78.4494,-0.121]]]},"properties":{"dpa_parroq":"1700602265","dpa_despar":"LLANO CHICO","dpa_canton":"1701","dpa_descan":"QUITO","dpa_provin":"17","dpa_despro":"PICHINCHA","estado":"RURAL","nombres_cne":"LLANO CHICO"}},{"type":"Feature","geometry":{"type":"Polygon","coordinates":[[[-78.649,-0.0948],[-78.6478,-0.1013],[-78.657,-0.114],[-78.6603,-0.1236],[-78.6591,-0.136],[-78.6676,-0.135],[-78.6782,-0.129],[-78.685,-0.1377],[-78.6953,-0.131],[-78.7224,-0.1291],[-78.7329,-0.1335],[-78.7437,-0.1276],[-78.7607,-0.1265],[-78.7735,-0.1184],[-78.7863,-0.1138],[-78.7967,-0.1033],[-78.8173,-0.1133],[-78.8339,-0.0928],[-78.8357,-0.0932],[-78.8381,-0.0959],[-78.8385,-0.0982],[-78.8378,-0.102],[-78.8362,-0.1046],[-78.8366,-0.1083],[-78.8351,-0.1098],[-78.8349,-0.1117],[-78.8318,-0.1144],[-78.8281,-0.115],[-78.8285,-0.1173],[-78.8304,-0.1179],[-78.8326,-0.1203],[-78.8334,-0.1224],[-78.8356,-0.1232],[-78.8354,-0.1257],[-78.8384,-0.1267],[-78.8395,-0.1295],[-78.8392,-0.1321],[-78.8402,-0.134],[-78.8375,-0.137],[-78.8368,-0.1393],[-78.8344,-0.1404],[-78.8339,-0.143],[-78.8358,-0.1478],[-78.8356,-0.1552],[-78.8337,-0.1561],[-78.8332,-0.1589],[-78.8336,-0.1612],[-78.8356,-0.1611],[-78.8383,-0.1622],[-78.8394,-0.1609],[-78.8412,-0.1629],[-78.8426,-0.1663],[-78.8389,-0.1681],[-78.8297,-0.1791],[-78.8322,-0.1887],[-78.81,-0.2044],[-78.8053,-0.2044],[-78.7947,-0.2137],[-78.7838,-0.212],[-78.7783,-0.2248],[-78.7717,-0.2275],[-78.7676,-0.2358],[-78.759,-0.2412],[-78.7596,-0.2506],[-78.7528,-0.2573],[-78.7461,-0.2774],[-78.7456,-0.2916],[-78.7377,-0.2982],[-78.7314,-0.3195],[-78.7204,-0.3259],[-78.714,-0.3181],[-78.6991,-0.3215],[-78.6804,-0.3222],[-78.6687,-0.3401],[-78.667,-0.352],[-78.6608,-0.3609],[-78.6508,-0.3585],[-78.6325,-0.3612],[-78.6204,-0.3605],[-78.6192,-0.3562],[-78.6159,-0.347],[-78.6162,-0.3458],[-78.6136,-0.3396],[-78.6117,-0.3382],[-78.6118,-0.3351],[-78.609,-0.3302],[-78.608,-0.3258],[-78.605,-0.3214],[-78.6029,-0.3202],[-78.6017,-0.3181],[-78.6024,-0.314],[-78.6004,-0.3103],[-78.6035,-0.3082],[-78.6056,-0.3052],[-78.6093,-0.3045],[-78.6109,-0.2992],[-78.6106,-0.2968],[-78.6102,-0.296],[-78.6098,-0.2897],[-78.611,-0.288],[-78.6101,-0.2835],[-78.6084,-0.2824],[-78.6058,-0.2783],[-78.6053,-0.2735],[-78.602,-0.27],[-78.5962,-0.2681],[-78.5948,-0.2653],[-78.5951,-0.2638],[-78.5908,-0.2646],[-78.5885,-0.2642],[-78.5868,-0.2622],[-78.5852,-0.2635],[-78.581,-0.2633],[-78.5793,-0.2614],[-78.5779,-0.2617],[-78.5757,-0.2596],[-78.572,-0.257],[-78.5705,-0.2479],[-78.5695,-0.2471],[-78.5685,-0.2451],[-78.5657,-0.2436],[-78.5642,-0.2401],[-78.5588,-0.2381],[-78.5569,-0.235],[-78.557,-0.2311],[-78.5553,-0.2218],[-78.5547,-0.2208],[-78.5534,-0.2194],[-78.5498,-0.218],[-78.5527,-0.2154],[-78.5515,-0.2124],[-78.5512,-0.2087],[-78.553,-0.2063],[-78.5574,-0.2043],[-78.5595,-0.2023],[-78.5602,-0.1994],[-78.5631,-0.1954],[-78.5662,-0.1881],[-78.5668,-0.1832],[-78.5649,-0.177],[-78.5679,-0.1711],[-78.5671,-0.1654],[-78.5669,-0.1627],[-78.577,-0.1611],[-78.5869,-0.154],[-78.5981,-0.1328],[-78.6054,-0.1296],[-78.6088,-0.1215],[-78.6354,-0.108],[-78.6384,-0.0972],[-78.649,-0.0948]]]},"properties":{"dpa_parroq":"1700602275","dpa_despar":"LLOA","dpa_canton":"1701","dpa_descan":"QUITO","dpa_provin":"17","dpa_despro":"PICHINCHA","estado":"RURAL","nombres_cne":"LLOA"}},{"type":"Feature","geometry":{"type":"Polygon","coordinates":[[[-78.6705,0.212],[-78.6747,0.2105],[-78.6886,0.223],[-78.6993,0.217],[-78.6933,0.2139],[-78.6968,0.1977],[-78.7053,0.1767],[-78.7058,0.1551],[-78.708,0.1473],[-78.703,0.1424],[-78.7084,0.1255],[-78.7049,0.1006],[-78.698,0.0991],[-78.6909,0.0893],[-78.6638,0.0932],[-78.6661,0.0815],[-78.6641,0.0669],[-78.6743,0.058],[-78.679,0.0494],[-78.6778,0.0429],[-78.6624,0.0355],[-78.6534,0.0375],[-78.65,0.0268],[-78.6415,0.0278],[-78.6251,0.0344],[-78.6157,0.024],[-78.6082,0.026],[-78.5966,0.0335],[-78.5919,0.0459],[-78.5736,0.0485],[-78.5671,0.0577],[-78.5514,0.0615],[-78.5483,0.0689],[-78.551,0.092],[-78.5493,0.1049],[-78.5516,0.1145],[-78.5595,0.1214],[-78.554,0.1344],[-78.5598,0.1557],[-78.5726,0.163],[-78.588,0.1686],[-78.599,0.1646],[-78.6151,0.1698],[-78.6327,0.1699],[-78.6449,0.1819],[-78.6519,0.195],[-78.6613,0.2062],[-78.6705,0.212]]]},"properties":{"dpa_parroq":"1700602525","dpa_despar":"NANEGAL","dpa_canton":"1701","dpa_descan":"QUITO","dpa_provin":"17","dpa_despro":"PICHINCHA","estado":"RURAL","nombres_cne":"NANEGAL"}},{"type":"Feature","geometry":{"type":"Polygon","coordinates":[[[-78.6778,0.0429],[-78.679,0.0494],[-78.6743,0.058],[-78.6641,0.0669],[-78.6661,0.0815],[-78.6638,0.0932],[-78.6909,0.0893],[-78.698,0.0991],[-78.7049,0.1006],[-78.7084,0.1255],[-78.703,0.1424],[-78.708,0.1473],[-78.7168,0.1327],[-78.7282,0.1291],[-78.7318,0.1172],[-78.731,0.1074],[-78.7363,0.083],[-78.753,0.0668],[-78.7637,0.0653],[-78.7727,0.0601],[-78.7778,0.0489],[-78.7835,0.0446],[-78.7835,0.0334],[-78.7678,0.0303],[-78.7349,0.0112],[-78.7257,-0.0024],[-78.7254,-0.0168],[-78.7208,-0.0252],[-78.6996,-0.0347],[-78.6898,-0.0264],[-78.6754,-0.0097],[-78.6712,-0.0097],[-78.6763,0],[-78.6721,0.0125],[-78.6774,0.0198],[-78.6808,0.0316],[-78.6778,0.0429]]]},"properties":{"dpa_parroq":"1700602530","dpa_despar":"NANEGALITO","dpa_canton":"1701","dpa_descan":"QUITO","dpa_provin":"17","dpa_despro":"PICHINCHA","estado":"RURAL","nombres_cne":"NANEGALITO"}},{"type":"Feature","geometry":{"type":"Polygon","coordinates":[[[-78.4059,-0.1549],[-78.4172,-0.1524],[-78.4411,-0.1525],[-78.4427,-0.1551],[-78.4451,-0.1566],[-78.4481,-0.1563],[-78.4504,-0.1576],[-78.4494,-0.159],[-78.4522,-0.1611],[-78.4524,-0.1621],[-78.448,-0.1628],[-78.4481,-0.1674],[-78.4533,-0.1744],[-78.4557,-0.1798],[-78.4554,-0.1814],[-78.452,-0.1805],[-78.451,-0.1836],[-78.454,-0.1863],[-78.4543,-0.1902],[-78.4548,-0.1924],[-78.4572,-0.1938],[-78.4548,-0.1956],[-78.4426,-0.1947],[-78.4327,-0.1871],[-78.4135,-0.185],[-78.4149,-0.1772],[-78.411,-0.1685],[-78.4129,-0.1615],[-78.4059,-0.1549]]]},"properties":{"dpa_parroq":"1700602540","dpa_despar":"NAYON","dpa_canton":"1701","dpa_descan":"QUITO","dpa_provin":"17","dpa_despro":"PICHINCHA","estado":"RURAL","nombres_cne":"NAYON"}},{"type":"Feature","geometry":{"type":"Polygon","coordinates":[[[-78.6082,0.026],[-78.6157,0.024],[-78.6251,0.0344],[-78.6415,0.0278],[-78.65,0.0268],[-78.6534,0.0375],[-78.6624,0.0355],[-78.6778,0.0429],[-78.6808,0.0316],[-78.6774,0.0198],[-78.6721,0.0125],[-78.6763,0],[-78.6712,-0.0097],[-78.6587,-0.0281],[-78.6597,-0.0354],[-78.6548,-0.0432],[-78.6439,-0.0504],[-78.6387,-0.0624],[-78.6507,-0.0606],[-78.6476,-0.0766],[-78.6509,-0.0814],[-78.649,-0.0948],[-78.6384,-0.0972],[-78.6354,-0.108],[-78.6088,-0.1215],[-78.6054,-0.1296],[-78.5981,-0.1328],[-78.5869,-0.154],[-78.577,-0.1611],[-78.5669,-0.1627],[-78.5668,-0.1625],[-78.5683,-0.1591],[-78.5653,-0.1548],[-78.5617,-0.1532],[-78.5611,-0.1496],[-78.5629,-0.1476],[-78.5614,-0.1394],[-78.5628,-0.1343],[-78.5617,-0.1333],[-78.5617,-0.1273],[-78.5601,-0.1248],[-78.5572,-0.1177],[-78.5564,-0.1119],[-78.5582,-0.1076],[-78.5578,-0.1056],[-78.5584,-0.1007],[-78.5566,-0.0979],[-78.5563,-0.0955],[-78.5545,-0.0932],[-78.5555,-0.0915],[-78.552,-0.0909],[-78.5481,-0.0878],[-78.5456,-0.0845],[-78.5462,-0.0829],[-78.5451,-0.0793],[-78.5458,-0.0769],[-78.5443,-0.0747],[-78.5405,-0.074],[-78.5405,-0.0699],[-78.5362,-0.0696],[-78.5317,-0.0712],[-78.5287,-0.0707],[-78.5275,-0.0728],[-78.5255,-0.0722],[-78.5231,-0.0734],[-78.5135,-0.0722],[-78.5139,-0.0686],[-78.5108,-0.0654],[-78.5109,-0.0615],[-78.5103,-0.0595],[-78.5064,-0.0553],[-78.501,-0.0517],[-78.5001,-0.0497],[-78.4923,-0.0496],[-78.4902,-0.0488],[-78.4984,-0.0466],[-78.5108,-0.0375],[-78.5241,-0.0354],[-78.5368,-0.0224],[-78.5431,-0.0223],[-78.5575,-0.0123],[-78.5824,-0.0093],[-78.5947,0.0139],[-78.6082,0.026]]]},"properties":{"dpa_parroq":"1700602560","dpa_despar":"NONO","dpa_canton":"1701","dpa_descan":"QUITO","dpa_provin":"17","dpa_despro":"PICHINCHA","estado":"RURAL","nombres_cne":"NONO"}},{"type":"Feature","geometry":{"type":"Polygon","coordinates":[[[-78.7492,0.2348],[-78.7539,0.2401],[-78.7649,0.2381],[-78.777,0.2433],[-78.8111,0.2305],[-78.8212,0.2336],[-78.8336,0.2415],[-78.8695,0.2338],[-78.8808,0.2223],[-78.9093,0.2134],[-78.9287,0.2189],[-78.9406,0.2058],[-78.9477,0.2039],[-78.9475,0.2025],[-78.9451,0.1998],[-78.9438,0.1973],[-78.9415,0.1967],[-78.939,0.1946],[-78.938,0.1926],[-78.9397,0.1909],[-78.9403,0.1862],[-78.938,0.1823],[-78.9389,0.1806],[-78.9376,0.1789],[-78.9358,0.1745],[-78.9362,0.1708],[-78.9375,0.1687],[-78.9364,0.1649],[-78.938,0.1598],[-78.9355,0.1552],[-78.9348,0.1518],[-78.9362,0.1484],[-78.9329,0.1462],[-78.9325,0.1444],[-78.9334,0.1397],[-78.9359,0.1365],[-78.9379,0.1358],[-78.9376,0.1316],[-78.935,0.1293],[-78.9343,0.1269],[-78.935,0.1241],[-78.9395,0.1181],[-78.9385,0.1164],[-78.9386,0.112],[-78.9381,0.1099],[-78.9349,0.1068],[-78.9367,0.1029],[-78.934,0.0996],[-78.9322,0.0966],[-78.9334,0.0933],[-78.9324,0.0915],[-78.9296,0.0928],[-78.9291,0.09],[-78.9271,0.0879],[-78.9251,0.0872],[-78.9252,0.0843],[-78.9216,0.0828],[-78.9223,0.081],[-78.9198,0.0801],[-78.9167,0.0804],[-78.9136,0.0771],[-78.9121,0.0778],[-78.9093,0.0747],[-78.9076,0.075],[-78.9065,0.0769],[-78.9011,0.0764],[-78.8995,0.0739],[-78.9013,0.0701],[-78.8993,0.0682],[-78.8912,0.0681],[-78.8893,0.0659],[-78.8861,0.0652],[-78.887,0.0627],[-78.8844,0.0609],[-78.8817,0.0615],[-78.8786,0.0606],[-78.8743,0.061],[-78.8722,0.0587],[-78.8688,0.0585],[-78.8669,0.0555],[-78.8647,0.0576],[-78.8615,0.0575],[-78.8595,0.056],[-78.8592,0.0541],[-78.8546,0.0543],[-78.8378,0.0643],[-78.8324,0.0724],[-78.8084,0.0835],[-78.8038,0.0926],[-78.7841,0.1028],[-78.7835,0.107],[-78.7566,0.1279],[-78.7529,0.1399],[-78.7567,0.142],[-78.7552,0.1568],[-78.7469,0.1642],[-78.7361,0.1925],[-78.7387,0.2138],[-78.7471,0.2222],[-78.7492,0.2348]]]},"properties":{"dpa_parroq":"1700602690","dpa_despar":"PACTO","dpa_canton":"1701","dpa_descan":"QUITO","dpa_provin":"17","dpa_despro":"PICHINCHA","estado":"RURAL","nombres_cne":"PACTO"}},{"type":"Feature","geometry":{"type":"Polygon","coordinates":[[[-78.3826,0.1136],[-78.3909,0.1124],[-78.3955,0.1181],[-78.416,0.1158],[-78.4378,0.1298],[-78.449,0.129],[-78.4376,0.1114],[-78.4222,0.107],[-78.4154,0.1016],[-78.4026,0.1017],[-78.3826,0.1136]]]},"properties":{"dpa_parroq":"1700602825","dpa_despar":"PERUCHO","dpa_canton":"1701","dpa_descan":"QUITO","dpa_provin":"17","dpa_despro":"PICHINCHA","estado":"RURAL","nombres_cne":"PERUCHO"}},{"type":"Feature","geometry":{"type":"Polygon","coordinates":[[[-78.1899,-0.1992],[-78.2011,-0.2096],[-78.2083,-0.1901],[-78.2081,-0.1928],[-78.2237,-0.2107],[-78.2354,-0.2163],[-78.2512,-0.2282],[-78.2655,-0.2301],[-78.2917,-0.2411],[-78.3078,-0.239],[-78.3173,-0.2231],[-78.3248,-0.2224],[-78.3361,-0.2102],[-78.3407,-0.2018],[-78.3553,-0.2101],[-78.3628,-0.2185],[-78.3686,-0.2115],[-78.3614,-0.2514],[-78.3637,-0.2657],[-78.3563,-0.2856],[-78.3623,-0.295],[-78.3608,-0.3066],[-78.3466,-0.3169],[-78.3402,-0.3127],[-78.3166,-0.311],[-78.3085,-0.3071],[-78.3039,-0.3108],[-78.2992,-0.3285],[-78.2864,-0.3442],[-78.2842,-0.3544],[-78.2727,-0.3547],[-78.2525,-0.363],[-78.248,-0.3789],[-78.2432,-0.3842],[-78.2332,-0.3792],[-78.2238,-0.3635],[-78.2158,-0.362],[-78.2073,-0.3403],[-78.1911,-0.3187],[-78.1963,-0.3052],[-78.1878,-0.2865],[-78.1915,-0.2751],[-78.186,-0.2636],[-78.1895,-0.2406],[-78.1857,-0.2368],[-78.1876,-0.2235],[-78.1854,-0.2158],[-78.1926,-0.2098],[-78.1899,-0.1992]]]},"properties":{"dpa_parroq":"1700602855","dpa_despar":"PIFO","dpa_canton":"1701","dpa_descan":"QUITO","dpa_provin":"17","dpa_despro":"PICHINCHA","estado":"RURAL","nombres_cne":"PIFO"}},{"type":"Feature","geometry":{"type":"Polygon","coordinates":[[[-78.2432,-0.3842],[-78.248,-0.3789],[-78.2525,-0.363],[-78.2727,-0.3547],[-78.2842,-0.3544],[-78.2864,-0.3442],[-78.2992,-0.3285],[-78.3039,-0.3108],[-78.3085,-0.3071],[-78.3166,-0.311],[-78.3402,-0.3127],[-78.3466,-0.3169],[-78.3608,-0.3066],[-78.3623,-0.295],[-78.3563,-0.2856],[-78.3637,-0.2657],[-78.3639,-0.2662],[-78.3682,-0.299],[-78.3679,-0.3117],[-78.3726,-0.3227],[-78.384,-0.3287],[-78.4054,-0.3223],[-78.4016,-0.3275],[-78.404,-0.3359],[-78.4191,-0.3302],[-78.4171,-0.3357],[-78.418,-0.3392],[-78.4151,-0.3436],[-78.4161,-0.3477],[-78.4125,-0.3495],[-78.4123,-0.3529],[-78.408,-0.3534],[-78.41,-0.3561],[-78.409,-0.3589],[-78.4076,-0.3597],[-78.4077,-0.3626],[-78.4056,-0.3618],[-78.404,-0.3658],[-78.4018,-0.3668],[-78.4018,-0.3691],[-78.3982,-0.3702],[-78.3961,-0.3726],[-78.3964,-0.3779],[-78.3937,-0.3826],[-78.397,-0.3912],[-78.3999,-0.3924],[-78.4023,-0.3993],[-78.4054,-0.4014],[-78.4123,-0.442],[-78.4251,-0.4603],[-78.4245,-0.4671],[-78.4294,-0.4836],[-78.4327,-0.486],[-78.4336,-0.4893],[-78.4358,-0.4909],[-78.4357,-0.4942],[-78.433,-0.4994],[-78.4329,-0.503],[-78.4316,-0.5046],[-78.4313,-0.5085],[-78.4299,-0.5121],[-78.43,-0.5141],[-78.4286,-0.5175],[-78.4272,-0.5189],[-78.4259,-0.5236],[-78.4277,-0.5267],[-78.4271,-0.5317],[-78.4287,-0.5408],[-78.4311,-0.5427],[-78.432,-0.5471],[-78.4315,-0.5525],[-78.4319,-0.556],[-78.4313,-0.5605],[-78.4294,-0.566],[-78.4261,-0.5712],[-78.4221,-0.5705],[-78.42,-0.5689],[-78.4176,-0.5683],[-78.4133,-0.5643],[-78.4066,-0.5602],[-78.3993,-0.5577],[-78.3965,-0.5562],[-78.394,-0.557],[-78.3897,-0.5522],[-78.3871,-0.5506],[-78.3852,-0.5479],[-78.3846,-0.5434],[-78.3793,-0.5407],[-78.3766,-0.5382],[-78.3702,-0.5387],[-78.368,-0.5408],[-78.3668,-0.5475],[-78.3648,-0.5505],[-78.3584,-0.5516],[-78.358,-0.5528],[-78.3593,-0.5555],[-78.3569,-0.5591],[-78.3557,-0.562],[-78.3528,-0.5645],[-78.3526,-0.5669],[-78.35,-0.5699],[-78.3462,-0.5709],[-78.3423,-0.5713],[-78.3408,-0.5742],[-78.3373,-0.5791],[-78.336,-0.5801],[-78.3352,-0.5849],[-78.3332,-0.587],[-78.3298,-0.5893],[-78.3206,-0.5906],[-78.3205,-0.5842],[-78.3179,-0.5812],[-78.3118,-0.5808],[-78.3082,-0.5775],[-78.3059,-0.5774],[-78.3033,-0.5802],[-78.3006,-0.5805],[-78.3001,-0.5779],[-78.2972,-0.5766],[-78.2935,-0.5774],[-78.2915,-0.5791],[-78.2881,-0.579],[-78.2867,-0.5756],[-78.2849,-0.5741],[-78.2851,-0.5693],[-78.2844,-0.5668],[-78.2792,-0.5623],[-78.2794,-0.5574],[-78.2752,-0.5529],[-78.2716,-0.5433],[-78.27,-0.5418],[-78.2707,-0.5372],[-78.2685,-0.5359],[-78.267,-0.5338],[-78.2671,-0.5301],[-78.266,-0.5284],[-78.2694,-0.5262],[-78.2686,-0.5253],[-78.2679,-0.5214],[-78.2707,-0.5148],[-78.2704,-0.5105],[-78.2695,-0.5095],[-78.2657,-0.5096],[-78.2635,-0.5062],[-78.2593,-0.5037],[-78.2548,-0.5031],[-78.2548,-0.4989],[-78.253,-0.4924],[-78.2533,-0.4911],[-78.2509,-0.4871],[-78.2504,-0.4804],[-78.2525,-0.4792],[-78.2516,-0.476],[-78.2489,-0.4742],[-78.247,-0.4705],[-78.2467,-0.4672],[-78.2473,-0.4614],[-78.2461,-0.4599],[-78.2423,-0.4613],[-78.2394,-0.4609],[-78.2383,-0.4573],[-78.2366,-0.456],[-78.2353,-0.4503],[-78.2385,-0.435],[-78.2488,-0.4219],[-78.2552,-0.4088],[-78.2483,-0.4008],[-78.2432,-0.3842]]]},"properties":{"dpa_parroq":"1700602895","dpa_despar":"PINTAG","dpa_canton":"1701","dpa_descan":"QUITO","dpa_provin":"17","dpa_despro":"PICHINCHA","estado":"RURAL","nombres_cne":"PINTAG"}},{"type":"Feature","geometry":{"type":"Polygon","coordinates":[[[-78.4268,-0.0295],[-78.4446,-0.0212],[-78.4499,-0.0311],[-78.4642,-0.0353],[-78.4778,-0.0327],[-78.4845,-0.0474],[-78.4902,-0.0488],[-78.4923,-0.0496],[-78.4895,-0.05],[-78.4876,-0.0521],[-78.4871,-0.0575],[-78.4897,-0.0623],[-78.4895,-0.0645],[-78.4846,-0.0672],[-78.4818,-0.0679],[-78.482,-0.07],[-78.4787,-0.0736],[-78.4799,-0.0749],[-78.4766,-0.074],[-78.4744,-0.0746],[-78.469,-0.0741],[-78.4656,-0.0717],[-78.4624,-0.072],[-78.4557,-0.0717],[-78.4543,-0.0707],[-78.4526,-0.0564],[-78.4378,-0.0618],[-78.4344,-0.0402],[-78.4268,-0.0295]]]},"properties":{"dpa_parroq":"1700602925","dpa_despar":"POMASQUI","dpa_canton":"1701","dpa_descan":"QUITO","dpa_provin":"17","dpa_despro":"PICHINCHA","estado":"RURAL","nombres_cne":"POMASQUI"}},{"type":"Feature","geometry":{"type":"Polygon","coordinates":[[[-78.3335,0.1048],[-78.3426,0.1108],[-78.3435,0.1238],[-78.363,0.1176],[-78.3729,0.1115],[-78.3826,0.1136],[-78.4026,0.1017],[-78.4154,0.1016],[-78.4222,0.107],[-78.4376,0.1114],[-78.4291,0.0876],[-78.421,0.0843],[-78.4188,0.0692],[-78.4239,0.0394],[-78.4114,0.0319],[-78.4038,0.0215],[-78.4069,-0.0016],[-78.4027,-0.0051],[-78.3943,0.0073],[-78.3966,0.0267],[-78.391,0.0385],[-78.3791,0.0533],[-78.3578,0.0631],[-78.3516,0.0702],[-78.3272,0.0883],[-78.3268,0.1004],[-78.3335,0.1048]]]},"properties":{"dpa_parroq":"1700602980","dpa_despar":"PUELLARO","dpa_canton":"1701","dpa_descan":"QUITO","dpa_provin":"17","dpa_despro":"PICHINCHA","estado":"RURAL","nombres_cne":"PUELLARO"}},{"type":"Feature","geometry":{"type":"Polygon","coordinates":[[[-78.3407,-0.2018],[-78.3419,-0.1957],[-78.3507,-0.1881],[-78.3554,-0.1715],[-78.3544,-0.1615],[-78.3652,-0.1306],[-78.3754,-0.1198],[-78.3817,-0.128],[-78.391,-0.1313],[-78.3976,-0.1427],[-78.3943,-0.1582],[-78.38,-0.1753],[-78.375,-0.1845],[-78.3752,-0.1926],[-78.3686,-0.2115],[-78.3628,-0.2185],[-78.3553,-0.2101],[-78.3407,-0.2018]]]},"properties":{"dpa_parroq":"1700602985","dpa_despar":"PUEMBO","dpa_canton":"1701","dpa_descan":"QUITO","dpa_provin":"17","dpa_despro":"PICHINCHA","estado":"RURAL","nombres_cne":"PUEMBO"}},{"type":"Feature","geometry":{"type":"Polygon","coordinates":[[[-78.449,0.129],[-78.4639,0.1319],[-78.4616,0.1143],[-78.4681,0.1054],[-78.4754,0.0789],[-78.4823,0.0732],[-78.4849,0.0635],[-78.4721,0.0553],[-78.4667,0.0481],[-78.4677,0.0403],[-78.4833,0.0255],[-78.4787,0.0162],[-78.4855,0.0107],[-78.491,-0.0022],[-78.4805,-0.0071],[-78.4753,-0.0212],[-78.4778,-0.0327],[-78.4642,-0.0353],[-78.4499,-0.0311],[-78.4446,-0.0212],[-78.4268,-0.0295],[-78.4192,-0.0423],[-78.408,-0.0321],[-78.3976,-0.0298],[-78.3976,-0.0202],[-78.4027,-0.0051],[-78.4069,-0.0016],[-78.4038,0.0215],[-78.4114,0.0319],[-78.4239,0.0394],[-78.4188,0.0692],[-78.421,0.0843],[-78.4291,0.0876],[-78.4376,0.1114],[-78.449,0.129]]]},"properties":{"dpa_parroq":"1700603325","dpa_despar":"SAN ANTONIO","dpa_canton":"1701","dpa_descan":"QUITO","dpa_provin":"17","dpa_despro":"PICHINCHA","estado":"RURAL","nombres_cne":"SAN ANTONIO"}},{"type":"Feature","geometry":{"type":"Polygon","coordinates":[[[-78.4662,0.2584],[-78.472,0.2644],[-78.4884,0.2681],[-78.4945,0.2595],[-78.5102,0.2438],[-78.5102,0.2266],[-78.5193,0.228],[-78.5242,0.2134],[-78.5359,0.2066],[-78.5622,0.2079],[-78.5655,0.2217],[-78.5756,0.2253],[-78.601,0.2225],[-78.625,0.218],[-78.6355,0.2074],[-78.6477,0.2102],[-78.6572,0.2164],[-78.6705,0.212],[-78.6613,0.2062],[-78.6519,0.195],[-78.6449,0.1819],[-78.6327,0.1699],[-78.6151,0.1698],[-78.599,0.1646],[-78.588,0.1686],[-78.5726,0.163],[-78.5598,0.1557],[-78.5501,0.1544],[-78.5366,0.1479],[-78.5376,0.1439],[-78.5281,0.1303],[-78.5208,0.1277],[-78.5205,0.1202],[-78.5035,0.11],[-78.482,0.124],[-78.4746,0.1357],[-78.4639,0.1319],[-78.449,0.129],[-78.4378,0.1298],[-78.4184,0.1339],[-78.4099,0.14],[-78.3997,0.1444],[-78.3958,0.1567],[-78.3893,0.161],[-78.3813,0.157],[-78.3734,0.1591],[-78.3758,0.1673],[-78.3665,0.1783],[-78.3582,0.2026],[-78.3634,0.2089],[-78.3568,0.2172],[-78.3508,0.2105],[-78.3456,0.22],[-78.3439,0.2303],[-78.354,0.2305],[-78.3563,0.2437],[-78.3765,0.2566],[-78.3859,0.2477],[-78.4024,0.2407],[-78.4157,0.2167],[-78.4326,0.1961],[-78.4456,0.2093],[-78.4573,0.2445],[-78.4635,0.2495],[-78.4662,0.2584]]]},"properties":{"dpa_parroq":"1700603475","dpa_despar":"SAN JOSE DE MINAS","dpa_canton":"1701","dpa_descan":"QUITO","dpa_provin":"17","dpa_despro":"PICHINCHA","estado":"RURAL","nombres_cne":"SAN JOSE DE MINAS"}},{"type":"Feature","geometry":{"type":"Polygon","coordinates":[[[-78.3361,-0.2102],[-78.329,-0.189],[-78.3355,-0.1842],[-78.3399,-0.1701],[-78.3378,-0.1603],[-78.3428,-0.1524],[-78.3442,-0.137],[-78.3509,-0.1256],[-78.3502,-0.1065],[-78.3605,-0.0949],[-78.3604,-0.0895],[-78.3808,-0.1014],[-78.3844,-0.097],[-78.3865,-0.1023],[-78.3743,-0.1153],[-78.3754,-0.1198],[-78.3652,-0.1306],[-78.3544,-0.1615],[-78.3554,-0.1715],[-78.3507,-0.1881],[-78.3419,-0.1957],[-78.3407,-0.2018],[-78.3361,-0.2102]]]},"properties":{"dpa_parroq":"1700603925","dpa_despar":"TABABELA","dpa_canton":"1701","dpa_descan":"QUITO","dpa_provin":"17","dpa_despro":"PICHINCHA","estado":"RURAL","nombres_cne":"TABABELA"}},{"type":"Feature","geometry":{"type":"Polygon","coordinates":[[[-78.3686,-0.2115],[-78.3752,-0.1926],[-78.375,-0.1845],[-78.38,-0.1753],[-78.3943,-0.1582],[-78.3976,-0.1427],[-78.4059,-0.1549],[-78.4129,-0.1615],[-78.411,-0.1685],[-78.4149,-0.1772],[-78.4086,-0.1794],[-78.4049,-0.1886],[-78.4224,-0.2076],[-78.4224,-0.2189],[-78.4283,-0.2192],[-78.4351,-0.2305],[-78.4314,-0.2416],[-78.4255,-0.2443],[-78.4184,-0.2571],[-78.4195,-0.2625],[-78.4188,-0.264],[-78.4089,-0.2622],[-78.4034,-0.2661],[-78.3842,-0.266],[-78.3718,-0.2719],[-78.3639,-0.2662],[-78.3637,-0.2657],[-78.3614,-0.2514],[-78.3686,-0.2115]]]},"properties":{"dpa_parroq":"1700604085","dpa_despar":"TUMBACO","dpa_canton":"1701","dpa_descan":"QUITO","dpa_provin":"17","dpa_despro":"PICHINCHA","estado":"RURAL","nombres_cne":"TUMBACO"}},{"type":"Feature","geometry":{"type":"Polygon","coordinates":[[[-78.3505,-0.0888],[-78.3604,-0.0895],[-78.3605,-0.0949],[-78.3502,-0.1065],[-78.3509,-0.1256],[-78.3442,-0.137],[-78.3428,-0.1524],[-78.3378,-0.1603],[-78.3399,-0.1701],[-78.3355,-0.1842],[-78.329,-0.189],[-78.3361,-0.2102],[-78.3248,-0.2224],[-78.3173,-0.2231],[-78.3078,-0.239],[-78.2917,-0.2411],[-78.2655,-0.2301],[-78.2512,-0.2282],[-78.2354,-0.2163],[-78.2237,-0.2107],[-78.2081,-0.1928],[-78.2083,-0.1901],[-78.2231,-0.1979],[-78.2312,-0.1979],[-78.2487,-0.2062],[-78.2585,-0.204],[-78.2636,-0.1973],[-78.2733,-0.2009],[-78.2783,-0.1891],[-78.2919,-0.1771],[-78.3027,-0.1726],[-78.3058,-0.1611],[-78.3209,-0.1522],[-78.33,-0.1497],[-78.3365,-0.1221],[-78.3424,-0.1144],[-78.3443,-0.1006],[-78.3505,-0.0888]]]},"properties":{"dpa_parroq":"1700604290","dpa_despar":"YARUQUI","dpa_canton":"1701","dpa_descan":"QUITO","dpa_provin":"17","dpa_despro":"PICHINCHA","estado":"RURAL","nombres_cne":"YARUQUI"}},{"type":"Feature","geometry":{"type":"Polygon","coordinates":[[[-78.391,-0.1313],[-78.4081,-0.1368],[-78.4259,-0.1386],[-78.4352,-0.1458],[-78.4468,-0.1402],[-78.4468,-0.148],[-78.4485,-0.148],[-78.4459,-0.1492],[-78.4431,-0.1519],[-78.4411,-0.1525],[-78.4172,-0.1524],[-78.4059,-0.1549],[-78.3976,-0.1427],[-78.391,-0.1313]]]},"properties":{"dpa_parroq":"1700604325","dpa_despar":"ZAMBIZA","dpa_canton":"1701","dpa_descan":"QUITO","dpa_provin":"17","dpa_despro":"PICHINCHA","estado":"RURAL","nombres_cne":"ZAMBIZA"}},{"type":"Feature","geometry":{"type":"Polygon","coordinates":[[[-78.4191,-0.3302],[-78.4202,-0.3277],[-78.4239,-0.3269],[-78.4242,-0.3247],[-78.4262,-0.3225],[-78.4302,-0.3215],[-78.4315,-0.3185],[-78.4336,-0.3152],[-78.4352,-0.3154],[-78.4382,-0.3138],[-78.4396,-0.3115],[-78.4418,-0.3098],[-78.4425,-0.3126],[-78.445,-0.3126],[-78.4453,-0.3145],[-78.452,-0.3148],[-78.452,-0.3121],[-78.4554,-0.311],[-78.4559,-0.3132],[-78.456,-0.3156],[-78.4579,-0.3169],[-78.4585,-0.3194],[-78.4584,-0.3234],[-78.4603,-0.3246],[-78.4601,-0.328],[-78.4598,-0.3326],[-78.4613,-0.3382],[-78.4606,-0.3394],[-78.4615,-0.3427],[-78.4634,-0.3436],[-78.4637,-0.3453],[-78.4675,-0.3494],[-78.4689,-0.3491],[-78.4706,-0.3513],[-78.4721,-0.3551],[-78.4735,-0.3559],[-78.4728,-0.3583],[-78.4748,-0.3619],[-78.4744,-0.3646],[-78.4755,-0.3659],[-78.47,-0.3682],[-78.4727,-0.3725],[-78.4706,-0.3742],[-78.4708,-0.3781],[-78.4693,-0.3792],[-78.4648,-0.3797],[-78.4659,-0.3742],[-78.4647,-0.3716],[-78.465,-0.3681],[-78.4633,-0.3638],[-78.4642,-0.3597],[-78.4642,-0.3565],[-78.4507,-0.3565],[-78.4438,-0.3592],[-78.4445,-0.3601],[-78.4445,-0.3637],[-78.4458,-0.3653],[-78.4443,-0.3666],[-78.4438,-0.3704],[-78.4452,-0.3727],[-78.4452,-0.3755],[-78.4437,-0.3764],[-78.4444,-0.3793],[-78.4417,-0.3813],[-78.4408,-0.3846],[-78.438,-0.3863],[-78.4359,-0.3888],[-78.4359,-0.392],[-78.4349,-0.3955],[-78.4372,-0.3983],[-78.4369,-0.4008],[-78.4322,-0.4044],[-78.4328,-0.4057],[-78.4314,-0.4084],[-78.431,-0.4124],[-78.4319,-0.4133],[-78.4247,-0.4133],[-78.417,-0.4087],[-78.4156,-0.4052],[-78.4153,-0.4014],[-78.4054,-0.4014],[-78.4023,-0.3993],[-78.3999,-0.3924],[-78.397,-0.3912],[-78.3937,-0.3826],[-78.3964,-0.3779],[-78.3961,-0.3726],[-78.3982,-0.3702],[-78.4018,-0.3691],[-78.4018,-0.3668],[-78.404,-0.3658],[-78.4056,-0.3618],[-78.4077,-0.3626],[-78.4076,-0.3597],[-78.409,-0.3589],[-78.41,-0.3561],[-78.408,-0.3534],[-78.4123,-0.3529],[-78.4125,-0.3495],[-78.4161,-0.3477],[-78.4151,-0.3436],[-78.418,-0.3392],[-78.4171,-0.3357],[-78.4191,-0.3302]]]},"properties":{"dpa_parroq":"1700805965","dpa_despar":"SANGOLQUI","dpa_canton":"1705","dpa_descan":"RUMIÑAHUI","dpa_provin":"17","dpa_despro":"PICHINCHA","estado":"URBANA","nombres_cne":"SANGOLQUI"}},{"type":"Feature","geometry":{"type":"Polygon","coordinates":[[[-78.4601,-0.328],[-78.4677,-0.3259],[-78.4687,-0.3292],[-78.4763,-0.3263],[-78.48,-0.3347],[-78.4747,-0.3361],[-78.4731,-0.337],[-78.4717,-0.3401],[-78.472,-0.3412],[-78.4637,-0.3453],[-78.4634,-0.3436],[-78.4615,-0.3427],[-78.4606,-0.3394],[-78.4613,-0.3382],[-78.4598,-0.3326],[-78.4601,-0.328]]]},"properties":{"dpa_parroq":"1700807535","dpa_despar":"FAJARDO","dpa_canton":"1705","dpa_descan":"RUMIÑAHUI","dpa_provin":"17","dpa_despro":"PICHINCHA","estado":"URBANA","nombres_cne":"FAJARDO"}},{"type":"Feature","geometry":{"type":"Polygon","coordinates":[[[-78.4559,-0.3132],[-78.46,-0.3122],[-78.4599,-0.3097],[-78.462,-0.3045],[-78.4625,-0.307],[-78.4639,-0.3089],[-78.4671,-0.3109],[-78.4694,-0.3149],[-78.4722,-0.3155],[-78.466,-0.3222],[-78.4677,-0.3259],[-78.4601,-0.328],[-78.4603,-0.3246],[-78.4584,-0.3234],[-78.4585,-0.3194],[-78.4579,-0.3169],[-78.456,-0.3156],[-78.4559,-0.3132]]]},"properties":{"dpa_parroq":"1700806605","dpa_despar":"SAN PEDRO DE TABOADA","dpa_canton":"1705","dpa_descan":"RUMIÑAHUI","dpa_provin":"17","dpa_despro":"PICHINCHA","estado":"URBANA","nombres_cne":"SAN PEDRO DE TABOADA"}},{"type":"Feature","geometry":{"type":"Polygon","coordinates":[[[-78.4418,-0.3098],[-78.4448,-0.3088],[-78.4525,-0.3035],[-78.4528,-0.3023],[-78.4557,-0.3008],[-78.4563,-0.2991],[-78.459,-0.2977],[-78.463,-0.2908],[-78.4631,-0.2958],[-78.4623,-0.2989],[-78.462,-0.3045],[-78.4599,-0.3097],[-78.46,-0.3122],[-78.4559,-0.3132],[-78.4554,-0.311],[-78.452,-0.3121],[-78.452,-0.3148],[-78.4453,-0.3145],[-78.445,-0.3126],[-78.4425,-0.3126],[-78.4418,-0.3098]]]},"properties":{"dpa_parroq":"1700806600","dpa_despar":"SAN RAFAEL","dpa_canton":"1705","dpa_descan":"RUMIÑAHUI","dpa_provin":"17","dpa_despro":"PICHINCHA","estado":"URBANA","nombres_cne":"SAN RAFAEL"}},{"type":"Feature","geometry":{"type":"Polygon","coordinates":[[[-78.4319,-0.4133],[-78.431,-0.4124],[-78.4314,-0.4084],[-78.4328,-0.4057],[-78.4322,-0.4044],[-78.4369,-0.4008],[-78.4372,-0.3983],[-78.4349,-0.3955],[-78.4359,-0.392],[-78.4359,-0.3888],[-78.438,-0.3863],[-78.4408,-0.3846],[-78.4417,-0.3813],[-78.4444,-0.3793],[-78.4437,-0.3764],[-78.4452,-0.3755],[-78.4452,-0.3727],[-78.4438,-0.3704],[-78.4443,-0.3666],[-78.4458,-0.3653],[-78.4445,-0.3637],[-78.4445,-0.3601],[-78.4438,-0.3592],[-78.4507,-0.3565],[-78.4642,-0.3565],[-78.4642,-0.3597],[-78.4633,-0.3638],[-78.465,-0.3681],[-78.4647,-0.3716],[-78.4659,-0.3742],[-78.4648,-0.3797],[-78.4744,-0.4056],[-78.4719,-0.4156],[-78.477,-0.4275],[-78.4767,-0.4371],[-78.4711,-0.4475],[-78.48,-0.457],[-78.4807,-0.4656],[-78.4713,-0.4653],[-78.4597,-0.4552],[-78.4553,-0.4401],[-78.4417,-0.4325],[-78.4417,-0.4253],[-78.4319,-0.4133]]]},"properties":{"dpa_parroq":"1700800680","dpa_despar":"COTOGCHOA","dpa_canton":"1705","dpa_descan":"RUMIÑAHUI","dpa_provin":"17","dpa_despro":"PICHINCHA","estado":"RURAL","nombres_cne":"COTOGCHOA"}},{"type":"Feature","geometry":{"type":"Polygon","coordinates":[[[-78.4054,-0.4014],[-78.4153,-0.4014],[-78.4156,-0.4052],[-78.417,-0.4087],[-78.4247,-0.4133],[-78.4319,-0.4133],[-78.4417,-0.4253],[-78.4417,-0.4325],[-78.4553,-0.4401],[-78.4597,-0.4552],[-78.4713,-0.4653],[-78.4807,-0.4656],[-78.4807,-0.4662],[-78.4828,-0.4686],[-78.4848,-0.4697],[-78.4818,-0.4726],[-78.4782,-0.4732],[-78.4755,-0.4749],[-78.4738,-0.4749],[-78.4677,-0.4803],[-78.466,-0.4831],[-78.4662,-0.489],[-78.4696,-0.4941],[-78.4701,-0.4961],[-78.4695,-0.5005],[-78.4684,-0.5021],[-78.4685,-0.5047],[-78.466,-0.507],[-78.4614,-0.5067],[-78.4561,-0.503],[-78.4532,-0.5021],[-78.4511,-0.4999],[-78.4484,-0.499],[-78.4463,-0.4963],[-78.4447,-0.4962],[-78.4414,-0.4931],[-78.4412,-0.4911],[-78.4361,-0.4859],[-78.4327,-0.486],[-78.4294,-0.4836],[-78.4245,-0.4671],[-78.4251,-0.4603],[-78.4123,-0.442],[-78.4054,-0.4014]]]},"properties":{"dpa_parroq":"1700803230","dpa_despar":"RUMIPAMBA","dpa_canton":"1705","dpa_descan":"RUMIÑAHUI","dpa_provin":"17","dpa_despro":"PICHINCHA","estado":"RURAL","nombres_cne":"RUMIPAMBA"}},{"type":"Feature","geometry":{"type":"Polygon","coordinates":[[[-78.8546,0.0543],[-78.8592,0.0541],[-78.8595,0.056],[-78.8615,0.0575],[-78.8647,0.0576],[-78.8669,0.0555],[-78.8688,0.0585],[-78.8722,0.0587],[-78.8743,0.061],[-78.8786,0.0606],[-78.8817,0.0615],[-78.8844,0.0609],[-78.887,0.0627],[-78.8861,0.0652],[-78.8893,0.0659],[-78.8912,0.0681],[-78.8993,0.0682],[-78.9013,0.0701],[-78.8995,0.0739],[-78.9011,0.0764],[-78.9065,0.0769],[-78.9076,0.075],[-78.9093,0.0747],[-78.9121,0.0778],[-78.9136,0.0771],[-78.9167,0.0804],[-78.9198,0.0801],[-78.9223,0.081],[-78.9216,0.0828],[-78.9252,0.0843],[-78.9251,0.0872],[-78.9271,0.0879],[-78.9291,0.09],[-78.9296,0.0928],[-78.9324,0.0915],[-78.9334,0.0933],[-78.9322,0.0966],[-78.934,0.0996],[-78.9367,0.1029],[-78.9349,0.1068],[-78.9371,0.1052],[-78.9431,0.1063],[-78.9437,0.0882],[-78.9442,0.0882],[-78.9456,0.0802],[-78.9492,0.0843],[-78.9497,0.0683],[-78.9515,0.0482],[-78.978,0.054],[-78.9792,0.0361],[-78.9901,0.036],[-78.9902,0.0121],[-79.0302,0.0176],[-79.031,0.0189],[-79.0626,0.0245],[-79.0623,0.0284],[-79.1004,0.0372],[-79.101,0.0239],[-79.1044,0.024],[-79.106,0.0258],[-79.1083,0.0258],[-79.1104,0.0248],[-79.1114,0.0279],[-79.1143,0.0291],[-79.1152,0.0276],[-79.1179,0.0281],[-79.1222,0.0277],[-79.1221,0.0297],[-79.1243,0.0321],[-79.1281,0.0328],[-79.1289,0.0313],[-79.1339,0.0323],[-79.1362,0.0349],[-79.1369,0.0393],[-79.1392,0.0402],[-79.1392,0.0326],[-79.1434,0.0341],[-79.154,0.0345],[-79.1567,0.035],[-79.1596,0.0378],[-79.1622,0.0369],[-79.1619,0.0336],[-79.1609,0.0316],[-79.1568,0.03],[-79.1564,0.0291],[-79.153,0.0295],[-79.1488,0.0232],[-79.1462,0.023],[-79.1393,0.0191],[-79.1393,0.0143],[-79.1377,0.0133],[-79.1337,0.0123],[-79.1309,0.0031],[-79.1324,0.0024],[-79.1385,0.002],[-79.1413,0.0001],[-79.1416,0.0023],[-79.1457,0.0005],[-79.1477,0.0003],[-79.1505,0.0016],[-79.1518,0.0013],[-79.1554,0.0039],[-79.1612,0.0026],[-79.1622,0.0055],[-79.1645,0.0063],[-79.1674,0.006],[-79.1684,0.003],[-79.166,0.0006],[-79.1673,-0.01],[-79.1677,-0.0149],[-79.1693,-0.0155],[-79.1648,-0.0149],[-79.1604,-0.0123],[-79.1599,-0.0154],[-79.1567,-0.017],[-79.1549,-0.0145],[-79.153,-0.0152],[-79.1505,-0.0132],[-79.1488,-0.0139],[-79.1431,-0.0148],[-79.1423,-0.0138],[-79.1353,-0.0172],[-79.1348,-0.0155],[-79.132,-0.0161],[-79.1309,-0.0185],[-79.1276,-0.017],[-79.1263,-0.0178],[-79.1196,-0.0198],[-79.1191,-0.0181],[-79.1146,-0.0189],[-79.109,-0.0245],[-79.1069,-0.0251],[-79.1027,-0.0246],[-79.0976,-0.0266],[-79.1,-0.0344],[-79.1049,-0.0381],[-79.1092,-0.0393],[-79.1172,-0.0436],[-79.1204,-0.044],[-79.1278,-0.0506],[-79.1302,-0.0546],[-79.1292,-0.0579],[-79.1321,-0.0599],[-79.133,-0.0618],[-79.1328,-0.065],[-79.1336,-0.0667],[-79.1376,-0.0697],[-79.1415,-0.0749],[-79.1421,-0.08],[-79.1435,-0.0821],[-79.1473,-0.0837],[-79.1484,-0.0863],[-79.1477,-0.0879],[-79.1495,-0.0919],[-79.1438,-0.0929],[-79.1411,-0.0903],[-79.1385,-0.0935],[-79.1358,-0.0939],[-79.1335,-0.0893],[-79.1321,-0.0888],[-79.1263,-0.0905],[-79.1255,-0.0875],[-79.1236,-0.0852],[-79.1188,-0.0858],[-79.1166,-0.087],[-79.1179,-0.0901],[-79.1165,-0.092],[-79.1114,-0.0863],[-79.1057,-0.0886],[-79.1039,-0.0878],[-79.1041,-0.0844],[-79.1028,-0.0831],[-79.1007,-0.0837],[-79.0986,-0.0888],[-79.0953,-0.0899],[-79.093,-0.0915],[-79.0904,-0.0897],[-79.0863,-0.0926],[-79.0846,-0.0928],[-79.0835,-0.0901],[-79.0814,-0.0898],[-79.0808,-0.0916],[-79.0778,-0.0938],[-79.075,-0.0946],[-79.0733,-0.0941],[-79.0733,-0.092],[-79.0692,-0.0944],[-79.0649,-0.095],[-79.063,-0.0964],[-79.0601,-0.0957],[-79.0569,-0.0999],[-79.055,-0.1017],[-79.0538,-0.1041],[-79.0515,-0.1022],[-79.0498,-0.1029],[-79.0457,-0.1017],[-79.0435,-0.1039],[-79.0438,-0.1063],[-79.0417,-0.1066],[-79.0399,-0.1053],[-79.0379,-0.1057],[-79.0402,-0.1091],[-79.0366,-0.108],[-79.0336,-0.1109],[-79.0305,-0.1099],[-79.0301,-0.114],[-79.0271,-0.1152],[-79.0259,-0.1174],[-79.0234,-0.1175],[-79.0225,-0.1148],[-79.0185,-0.1147],[-79.0171,-0.1167],[-79.014,-0.1164],[-79.0141,-0.1122],[-79.0129,-0.1099],[-79.011,-0.1117],[-79.0093,-0.1117],[-79.0066,-0.1138],[-79.0048,-0.11],[-79.0007,-0.1101],[-78.9998,-0.112],[-78.9974,-0.1115],[-78.9941,-0.1119],[-78.9906,-0.1101],[-78.9915,-0.1075],[-78.9892,-0.106],[-78.9877,-0.1098],[-78.9858,-0.1095],[-78.9841,-0.1114],[-78.9821,-0.111],[-78.9804,-0.1078],[-78.9787,-0.1089],[-78.9748,-0.109],[-78.9728,-0.1082],[-78.9678,-0.102],[-78.9645,-0.1013],[-78.9635,-0.1053],[-78.9612,-0.1057],[-78.9597,-0.1075],[-78.9557,-0.1082],[-78.9519,-0.1128],[-78.9508,-0.1132],[-78.9461,-0.1105],[-78.9421,-0.1113],[-78.9413,-0.1138],[-78.9375,-0.1157],[-78.9337,-0.1189],[-78.9304,-0.1193],[-78.9282,-0.1204],[-78.9247,-0.1193],[-78.9221,-0.1202],[-78.9207,-0.1172],[-78.9179,-0.1161],[-78.914,-0.1172],[-78.9134,-0.1149],[-78.9103,-0.1127],[-78.91,-0.1087],[-78.9074,-0.1077],[-78.9053,-0.1081],[-78.8991,-0.1082],[-78.8962,-0.1076],[-78.8943,-0.1089],[-78.892,-0.1067],[-78.8867,-0.1093],[-78.8861,-0.1102],[-78.8813,-0.1103],[-78.8804,-0.1123],[-78.8772,-0.1163],[-78.8726,-0.1167],[-78.8683,-0.1184],[-78.8654,-0.1213],[-78.8617,-0.126],[-78.8614,-0.1278],[-78.8592,-0.1335],[-78.8503,-0.1345],[-78.8453,-0.1358],[-78.8423,-0.1352],[-78.8402,-0.134],[-78.8392,-0.1321],[-78.8395,-0.1295],[-78.8384,-0.1267],[-78.8354,-0.1257],[-78.8356,-0.1232],[-78.8334,-0.1224],[-78.8326,-0.1203],[-78.8304,-0.1179],[-78.8285,-0.1173],[-78.8281,-0.115],[-78.8318,-0.1144],[-78.8349,-0.1117],[-78.8351,-0.1098],[-78.8366,-0.1083],[-78.8362,-0.1046],[-78.8378,-0.102],[-78.8385,-0.0982],[-78.8381,-0.0959],[-78.8357,-0.0932],[-78.8339,-0.0928],[-78.8326,-0.0919],[-78.8347,-0.089],[-78.8346,-0.0871],[-78.833,-0.0864],[-78.8317,-0.0833],[-78.832,-0.0814],[-78.8343,-0.0779],[-78.8315,-0.0754],[-78.8336,-0.0725],[-78.8324,-0.0682],[-78.8312,-0.0663],[-78.833,-0.0626],[-78.8285,-0.0577],[-78.8299,-0.0517],[-78.8269,-0.0492],[-78.829,-0.0457],[-78.8306,-0.045],[-78.8284,-0.0402],[-78.8277,-0.037],[-78.8289,-0.0347],[-78.8265,-0.0332],[-78.8262,-0.0312],[-78.8244,-0.0302],[-78.8247,-0.0273],[-78.8205,-0.0259],[-78.8203,-0.0235],[-78.8221,-0.0205],[-78.8226,-0.0177],[-78.8199,-0.0139],[-78.8193,-0.0099],[-78.8176,-0.0106],[-78.8159,-0.0094],[-78.816,-0.0033],[-78.8105,-0.0029],[-78.8086,0.0098],[-78.8063,0.0281],[-78.8086,0.033],[-78.8104,0.0329],[-78.8116,0.0356],[-78.8133,0.0349],[-78.8158,0.0356],[-78.8203,0.0358],[-78.821,0.0382],[-78.8235,0.0367],[-78.8279,0.0374],[-78.8301,0.0389],[-78.8324,0.0391],[-78.8341,0.0405],[-78.8374,0.0415],[-78.8406,0.0442],[-78.8429,0.0443],[-78.8438,0.046],[-78.8442,0.0498],[-78.8509,0.0508],[-78.8546,0.0543]]]},"properties":{"dpa_parroq":"1707706350","dpa_despar":"S. MIGUEL DE LOS BANCOS","dpa_canton":"1707","dpa_descan":"SAN MIGUEL DE LOS BANCOS","dpa_provin":"17","dpa_despro":"PICHINCHA","estado":"URBANA","nombres_cne":"S MIGUEL DE LOS BANCOS"}},{"type":"Feature","geometry":{"type":"Polygon","coordinates":[[[-78.7835,0.0334],[-78.7958,0.0247],[-78.802,0.0338],[-78.8086,0.033],[-78.8063,0.0281],[-78.8086,0.0098],[-78.8105,-0.0029],[-78.816,-0.0033],[-78.8159,-0.0094],[-78.8176,-0.0106],[-78.8193,-0.0099],[-78.8199,-0.0139],[-78.8226,-0.0177],[-78.8221,-0.0205],[-78.8203,-0.0235],[-78.8205,-0.0259],[-78.8247,-0.0273],[-78.8244,-0.0302],[-78.8262,-0.0312],[-78.8265,-0.0332],[-78.8289,-0.0347],[-78.8277,-0.037],[-78.8284,-0.0402],[-78.8306,-0.045],[-78.829,-0.0457],[-78.8269,-0.0492],[-78.8299,-0.0517],[-78.8285,-0.0577],[-78.833,-0.0626],[-78.8312,-0.0663],[-78.8324,-0.0682],[-78.8336,-0.0725],[-78.8315,-0.0754],[-78.8343,-0.0779],[-78.832,-0.0814],[-78.8317,-0.0833],[-78.833,-0.0864],[-78.8346,-0.0871],[-78.8347,-0.089],[-78.8326,-0.0919],[-78.8339,-0.0928],[-78.8173,-0.1133],[-78.7967,-0.1033],[-78.7863,-0.1138],[-78.7735,-0.1184],[-78.7607,-0.1265],[-78.7437,-0.1276],[-78.7329,-0.1335],[-78.7224,-0.1291],[-78.6953,-0.131],[-78.685,-0.1377],[-78.6782,-0.129],[-78.6676,-0.135],[-78.6591,-0.136],[-78.6603,-0.1236],[-78.657,-0.114],[-78.6478,-0.1013],[-78.649,-0.0948],[-78.6509,-0.0814],[-78.6476,-0.0766],[-78.6507,-0.0606],[-78.6387,-0.0624],[-78.6439,-0.0504],[-78.6548,-0.0432],[-78.6597,-0.0354],[-78.6587,-0.0281],[-78.6712,-0.0097],[-78.6754,-0.0097],[-78.6898,-0.0264],[-78.6996,-0.0347],[-78.7208,-0.0252],[-78.7254,-0.0168],[-78.7257,-0.0024],[-78.7349,0.0112],[-78.7678,0.0303],[-78.7835,0.0334]]]},"properties":{"dpa_parroq":"1707702410","dpa_despar":"MINDO","dpa_canton":"1707","dpa_descan":"SAN MIGUEL DE LOS BANCOS","dpa_provin":"17","dpa_despro":"PICHINCHA","estado":"RURAL","nombres_cne":"MINDO"}}]}